38.9898, 30.0, 1
38.99355, 30.0, 2
42.30204, 30.0, 3
47.70129, 30.0, 4
53.92326, 30.0, 5
52.48206, 30.0, 6
51.57029, 30.0, 7
50.99345, 30.0, 8
50.62851, 30.0, 9
50.39762, 30.0, 10
50.25156, 30.0, 11
50.15915, 30.0, 12
50.10069, 30.0, 13
50.0637, 30.0, 14
50.0403, 30.0, 15
50.0255, 30.0, 16
50.01613, 30.0, 17
50.0102, 30.0, 18
50.00645, 30.0, 19
49.90204, 29.875, 20
49.93803, 29.875, 21
49.96079, 29.875, 22
49.9752, 29.875, 23
49.98431, 29.875, 24
49.99007, 29.875, 25
49.99372, 29.875, 26
49.99603, 29.875, 27
49.99749, 29.875, 28
49.99841, 29.875, 29
49.99899, 29.875, 30
49.99936, 29.875, 31
49.9996, 29.875, 32
49.99974, 29.875, 33
49.99984, 29.875, 34
49.9999, 29.875, 35
49.99994, 29.875, 36
49.99996, 29.875, 37
49.99997, 29.875, 38
49.99998, 29.875, 39
49.99999, 29.875, 40
49.99999, 29.875, 41
50.0, 29.875, 42
50.0, 29.875, 43
50.0, 29.875, 44
50.0, 29.875, 45
50.0, 29.875, 46
50.0, 29.875, 47
50.0, 29.875, 48
50.0, 29.875, 49
50.0, 29.875, 50
50.0, 29.875, 51
50.0, 29.875, 52
50.0, 29.875, 53
50.0, 29.875, 54
50.0, 29.875, 55
50.0, 29.875, 56
50.0, 29.875, 57
50.0, 29.875, 58
50.0, 29.875, 59
50.0, 29.875, 60
50.0, 29.875, 61
50.0, 29.875, 62
50.0, 29.875, 63
50.0, 29.875, 64
50.0, 29.875, 65
50.0, 29.875, 66
50.0, 29.875, 67
50.0, 29.875, 68
50.0, 29.875, 69
50.0, 29.875, 70
50.0, 29.875, 71
50.0, 29.875, 72
50.0, 29.875, 73
50.0, 29.875, 74
50.0, 29.875, 75
50.0, 29.875, 76
50.0, 29.875, 77
49.94898, 29.8125, 78
49.96772, 29.8125, 79
49.97958, 29.8125, 80
49.98708, 29.8125, 81
49.99183, 29.8125, 82
49.99483, 29.8125, 83
49.99673, 29.8125, 84
49.99793, 29.8125, 85
49.99869, 29.8125, 86
49.99917, 29.8125, 87
49.99948, 29.8125, 88
49.99967, 29.8125, 89
49.99979, 29.8125, 90
49.99987, 29.8125, 91
49.99992, 29.8125, 92
49.99995, 29.8125, 93
49.99997, 29.8125, 94
49.99998, 29.8125, 95
49.99998, 29.8125, 96
49.99999, 29.8125, 97
50.0, 29.8125, 98
50.0, 29.8125, 99
50.0, 29.8125, 100
50.0, 29.8125, 101
50.0, 29.8125, 102
50.0, 29.8125, 103
50.0, 29.8125, 104
50.0, 29.8125, 105
50.0, 29.8125, 106
50.0, 29.8125, 107
50.0, 29.8125, 108
50.0, 29.8125, 109
50.0, 29.8125, 110
50.0, 29.8125, 111
50.0, 29.8125, 112
50.0, 29.8125, 113
50.0, 29.8125, 114
50.0, 29.8125, 115
50.0, 29.8125, 116
50.0, 29.8125, 117
50.05102, 29.875, 118
50.03228, 29.875, 119
50.02042, 29.875, 120
50.01292, 29.875, 121
50.00817, 29.875, 122
50.00517, 29.875, 123
50.00327, 29.875, 124
50.00207, 29.875, 125
50.00131, 29.875, 126
50.00083, 29.875, 127
50.00052, 29.875, 128
50.00033, 29.875, 129
50.00021, 29.875, 130
50.00013, 29.875, 131
50.00008, 29.875, 132
50.00005, 29.875, 133
50.00003, 29.875, 134
50.00002, 29.875, 135
50.00002, 29.875, 136
50.00001, 29.875, 137
50.05103, 29.9375, 138
50.03228, 29.9375, 139
50.02042, 29.9375, 140
50.01292, 29.9375, 141
50.00817, 29.9375, 142
50.00517, 29.9375, 143
50.00327, 29.9375, 144
50.00207, 29.9375, 145
50.00131, 29.9375, 146
50.00083, 29.9375, 147
50.00052, 29.9375, 148
50.00033, 29.9375, 149
50.00021, 29.9375, 150
50.00013, 29.9375, 151
50.00008, 29.9375, 152
50.00005, 29.9375, 153
50.00003, 29.9375, 154
50.00002, 29.9375, 155
50.00002, 29.9375, 156
50.05103, 30.0, 157
50.03228, 30.0, 158
50.02042, 30.0, 159
50.01292, 30.0, 160
50.00817, 30.0, 161
50.00517, 30.0, 162
50.00327, 30.0, 163
50.00207, 30.0, 164
50.00131, 30.0, 165
50.00083, 30.0, 166
50.00052, 30.0, 167
50.00033, 30.0, 168
50.00021, 30.0, 169
50.00013, 30.0, 170
50.00008, 30.0, 171
50.00005, 30.0, 172
50.00003, 30.0, 173
50.00002, 30.0, 174
50.00002, 30.0, 175
50.00001, 30.0, 176
50.05103, 30.0625, 177
50.03228, 30.0625, 178
50.02042, 30.0625, 179
50.01292, 30.0625, 180
50.00817, 30.0625, 181
50.00517, 30.0625, 182
50.00327, 30.0625, 183
50.00207, 30.0625, 184
50.00131, 30.0625, 185
50.00083, 30.0625, 186
50.00052, 30.0625, 187
50.00033, 30.0625, 188
50.00021, 30.0625, 189
50.00013, 30.0625, 190
50.00008, 30.0625, 191
50.00005, 30.0625, 192
50.00003, 30.0625, 193
50.00002, 30.0625, 194
50.00002, 30.0625, 195
50.00001, 30.0625, 196
50.15306, 30.25, 197
50.09684, 30.25, 198
50.06126, 30.25, 199
50.03876, 30.25, 200
50.02452, 30.25, 201
50.01551, 30.25, 202
50.00982, 30.25, 203
50.00621, 30.25, 204
50.00393, 30.25, 205
50.00248, 30.25, 206
50.00157, 30.25, 207
50.001, 30.25, 208
50.00063, 30.25, 209
50.0004, 30.25, 210
50.00025, 30.25, 211
50.00016, 30.25, 212
50.0001, 30.25, 213
50.00006, 30.25, 214
50.00004, 30.25, 215
50.10207, 30.375, 216
50.06457, 30.375, 217
50.04085, 30.375, 218
50.02584, 30.375, 219
50.01635, 30.375, 220
50.01035, 30.375, 221
50.00655, 30.375, 222
50.00414, 30.375, 223
50.00262, 30.375, 224
50.00166, 30.375, 225
50.00105, 30.375, 226
50.00066, 30.375, 227
50.00042, 30.375, 228
50.00027, 30.375, 229
50.00017, 30.375, 230
50.00011, 30.375, 231
50.00007, 30.375, 232
50.00004, 30.375, 233
50.00003, 30.375, 234
50.10206, 30.5, 235
50.06457, 30.5, 236
50.04085, 30.5, 237
50.02584, 30.5, 238
50.01635, 30.5, 239
50.01035, 30.5, 240
50.00654, 30.5, 241
50.00414, 30.5, 242
50.00262, 30.5, 243
50.00166, 30.5, 244
50.00105, 30.5, 245
50.00066, 30.5, 246
50.00042, 30.5, 247
50.00027, 30.5, 248
50.00017, 30.5, 249
50.00011, 30.5, 250
50.00007, 30.5, 251
50.00004, 30.5, 252
50.00003, 30.5, 253
50.15308, 30.6875, 254
50.09684, 30.6875, 255
50.06127, 30.6875, 256
50.03876, 30.6875, 257
50.02452, 30.6875, 258
50.01551, 30.6875, 259
50.00982, 30.6875, 260
50.00621, 30.6875, 261
50.00393, 30.6875, 262
50.00249, 30.6875, 263
50.00157, 30.6875, 264
50.001, 30.6875, 265
50.00063, 30.6875, 266
50.0004, 30.6875, 267
50.00025, 30.6875, 268
50.00016, 30.6875, 269
50.0001, 30.6875, 270
50.00006, 30.6875, 271
50.00004, 30.6875, 272
50.00003, 30.6875, 273
50.15308, 30.875, 274
50.09684, 30.875, 275
50.06127, 30.875, 276
50.03876, 30.875, 277
50.02452, 30.875, 278
50.01551, 30.875, 279
50.00982, 30.875, 280
50.00621, 30.875, 281
50.00393, 30.875, 282
50.00249, 30.875, 283
50.00157, 30.875, 284
50.001, 30.875, 285
50.00063, 30.875, 286
50.0004, 30.875, 287
50.00025, 30.875, 288
50.00016, 30.875, 289
50.0001, 30.875, 290
50.00006, 30.875, 291
50.00004, 30.875, 292
50.00003, 30.875, 293
50.2041, 31.125, 294
50.12912, 31.125, 295
50.08169, 31.125, 296
50.05168, 31.125, 297
50.0327, 31.125, 298
50.02069, 31.125, 299
50.01309, 31.125, 300
50.00828, 31.125, 301
50.00524, 31.125, 302
50.00331, 31.125, 303
50.0021, 31.125, 304
50.00133, 31.125, 305
50.00084, 31.125, 306
50.00053, 31.125, 307
50.00034, 31.125, 308
50.00021, 31.125, 309
50.00013, 31.125, 310
50.00008, 31.125, 311
50.00005, 31.125, 312
50.1531, 31.3125, 313
50.09686, 31.3125, 314
50.06128, 31.3125, 315
50.03876, 31.3125, 316
50.02452, 31.3125, 317
50.01552, 31.3125, 318
50.00982, 31.3125, 319
50.00621, 31.3125, 320
50.00393, 31.3125, 321
50.00249, 31.3125, 322
50.00157, 31.3125, 323
50.001, 31.3125, 324
50.00063, 31.3125, 325
50.0004, 31.3125, 326
50.00025, 31.3125, 327
50.00016, 31.3125, 328
50.0001, 31.3125, 329
50.00006, 31.3125, 330
50.00004, 31.3125, 331
50.00003, 31.3125, 332
50.2041, 31.5625, 333
50.12912, 31.5625, 334
50.08169, 31.5625, 335
50.05168, 31.5625, 336
50.0327, 31.5625, 337
50.02069, 31.5625, 338
50.01309, 31.5625, 339
50.00828, 31.5625, 340
50.00524, 31.5625, 341
50.00331, 31.5625, 342
50.0021, 31.5625, 343
50.00133, 31.5625, 344
50.00084, 31.5625, 345
50.00053, 31.5625, 346
50.00034, 31.5625, 347
50.00021, 31.5625, 348
50.00013, 31.5625, 349
50.00008, 31.5625, 350
50.00005, 31.5625, 351
50.00003, 31.5625, 352
50.2041, 31.8125, 353
50.12913, 31.8125, 354
50.08169, 31.8125, 355
50.05168, 31.8125, 356
50.0327, 31.8125, 357
50.02069, 31.8125, 358
50.01309, 31.8125, 359
50.00828, 31.8125, 360
50.00524, 31.8125, 361
50.00331, 31.8125, 362
50.0021, 31.8125, 363
50.00133, 31.8125, 364
50.00084, 31.8125, 365
50.00053, 31.8125, 366
50.00034, 31.8125, 367
50.00021, 31.8125, 368
50.00013, 31.8125, 369
50.00008, 31.8125, 370
50.00005, 31.8125, 371
50.00003, 31.8125, 372
50.2041, 32.0625, 373
50.12913, 32.0625, 374
50.08169, 32.0625, 375
50.05168, 32.0625, 376
50.0327, 32.0625, 377
50.02069, 32.0625, 378
50.01309, 32.0625, 379
50.00828, 32.0625, 380
50.00524, 32.0625, 381
50.00331, 32.0625, 382
50.0021, 32.0625, 383
50.00133, 32.0625, 384
50.00084, 32.0625, 385
50.00053, 32.0625, 386
50.00034, 32.0625, 387
50.00021, 32.0625, 388
50.00013, 32.0625, 389
50.00008, 32.0625, 390
50.20414, 32.3125, 391
50.12915, 32.3125, 392
50.08171, 32.3125, 393
50.05169, 32.3125, 394
50.0327, 32.3125, 395
50.02069, 32.3125, 396
50.01309, 32.3125, 397
50.00828, 32.3125, 398
50.00524, 32.3125, 399
50.00331, 32.3125, 400
50.0021, 32.3125, 401
50.00133, 32.3125, 402
50.00084, 32.3125, 403
50.00053, 32.3125, 404
50.00034, 32.3125, 405
50.00021, 32.3125, 406
50.00013, 32.3125, 407
50.00008, 32.3125, 408
50.00005, 32.3125, 409
50.00003, 32.3125, 410
50.2041, 32.5625, 411
50.12913, 32.5625, 412
50.08169, 32.5625, 413
50.05168, 32.5625, 414
50.0327, 32.5625, 415
50.02069, 32.5625, 416
50.01309, 32.5625, 417
50.00828, 32.5625, 418
50.00524, 32.5625, 419
50.00331, 32.5625, 420
50.0021, 32.5625, 421
50.00133, 32.5625, 422
50.00084, 32.5625, 423
50.00053, 32.5625, 424
50.00034, 32.5625, 425
50.00021, 32.5625, 426
50.00013, 32.5625, 427
50.00008, 32.5625, 428
50.00005, 32.5625, 429
50.00003, 32.5625, 430
50.25512, 32.875, 431
50.1614, 32.875, 432
50.10211, 32.875, 433
50.0646, 32.875, 434
50.04087, 32.875, 435
50.02586, 32.875, 436
50.01636, 32.875, 437
50.01035, 32.875, 438
50.00655, 32.875, 439
50.00414, 32.875, 440
50.00262, 32.875, 441
50.00166, 32.875, 442
50.00105, 32.875, 443
50.00066, 32.875, 444
50.00042, 32.875, 445
50.00027, 32.875, 446
50.00017, 32.875, 447
50.00011, 32.875, 448
50.00007, 32.875, 449
50.00004, 32.875, 450
50.20411, 33.125, 451
50.12913, 33.125, 452
50.0817, 33.125, 453
50.05169, 33.125, 454
50.0327, 33.125, 455
50.02069, 33.125, 456
50.01309, 33.125, 457
50.00828, 33.125, 458
50.00524, 33.125, 459
50.00331, 33.125, 460
50.0021, 33.125, 461
50.00133, 33.125, 462
50.00084, 33.125, 463
50.00053, 33.125, 464
50.00034, 33.125, 465
50.00021, 33.125, 466
50.00013, 33.125, 467
50.00008, 33.125, 468
50.00005, 33.125, 469
50.25513, 33.4375, 470
50.16141, 33.4375, 471
50.10212, 33.4375, 472
50.06461, 33.4375, 473
50.04087, 33.4375, 474
50.02586, 33.4375, 475
50.01636, 33.4375, 476
50.01035, 33.4375, 477
50.00655, 33.4375, 478
50.00414, 33.4375, 479
50.00262, 33.4375, 480
50.00166, 33.4375, 481
50.00105, 33.4375, 482
50.00066, 33.4375, 483
50.00042, 33.4375, 484
50.00027, 33.4375, 485
50.00017, 33.4375, 486
50.00011, 33.4375, 487
50.00007, 33.4375, 488
50.20412, 33.6875, 489
50.12914, 33.6875, 490
50.0817, 33.6875, 491
50.05169, 33.6875, 492
50.0327, 33.6875, 493
50.02069, 33.6875, 494
50.01309, 33.6875, 495
50.00828, 33.6875, 496
50.00524, 33.6875, 497
50.00331, 33.6875, 498
50.0021, 33.6875, 499
50.00133, 33.6875, 500
50.00084, 33.6875, 501
50.00053, 33.6875, 502
50.00034, 33.6875, 503
50.00021, 33.6875, 504
50.00013, 33.6875, 505
50.00008, 33.6875, 506
50.00005, 33.6875, 507
50.00003, 33.6875, 508
50.25512, 34.0, 509
50.1614, 34.0, 510
50.10211, 34.0, 511
50.0646, 34.0, 512
50.04087, 34.0, 513
50.02586, 34.0, 514
50.01636, 34.0, 515
50.01035, 34.0, 516
50.00655, 34.0, 517
50.00414, 34.0, 518
50.00262, 34.0, 519
50.00166, 34.0, 520
50.00105, 34.0, 521
50.00066, 34.0, 522
50.00042, 34.0, 523
50.00027, 34.0, 524
50.00017, 34.0, 525
50.00011, 34.0, 526
50.00007, 34.0, 527
50.00004, 34.0, 528
50.25513, 34.3125, 529
50.16141, 34.3125, 530
50.10212, 34.3125, 531
50.0646, 34.3125, 532
50.04087, 34.3125, 533
50.02586, 34.3125, 534
50.01636, 34.3125, 535
50.01035, 34.3125, 536
50.00655, 34.3125, 537
50.00414, 34.3125, 538
50.00262, 34.3125, 539
50.00166, 34.3125, 540
50.00105, 34.3125, 541
50.00066, 34.3125, 542
50.00042, 34.3125, 543
50.00027, 34.3125, 544
50.00017, 34.3125, 545
50.00011, 34.3125, 546
50.00007, 34.3125, 547
50.20412, 34.5625, 548
50.12914, 34.5625, 549
50.0817, 34.5625, 550
50.05169, 34.5625, 551
50.0327, 34.5625, 552
50.02069, 34.5625, 553
50.01309, 34.5625, 554
50.00828, 34.5625, 555
50.00524, 34.5625, 556
50.00331, 34.5625, 557
50.0021, 34.5625, 558
50.00133, 34.5625, 559
50.00084, 34.5625, 560
50.00053, 34.5625, 561
50.00034, 34.5625, 562
50.00021, 34.5625, 563
50.00013, 34.5625, 564
50.00008, 34.5625, 565
50.00005, 34.5625, 566
50.00003, 34.5625, 567
50.25512, 34.875, 568
50.1614, 34.875, 569
50.10211, 34.875, 570
50.0646, 34.875, 571
50.04087, 34.875, 572
50.02586, 34.875, 573
50.01636, 34.875, 574
50.01035, 34.875, 575
50.00655, 34.875, 576
50.00414, 34.875, 577
50.00262, 34.875, 578
50.00166, 34.875, 579
50.00105, 34.875, 580
50.00066, 34.875, 581
50.00042, 34.875, 582
50.00027, 34.875, 583
50.00017, 34.875, 584
50.00011, 34.875, 585
50.00007, 34.875, 586
50.20412, 35.125, 587
50.12914, 35.125, 588
50.0817, 35.125, 589
50.05169, 35.125, 590
50.0327, 35.125, 591
50.02069, 35.125, 592
50.01309, 35.125, 593
50.00828, 35.125, 594
50.00524, 35.125, 595
50.00331, 35.125, 596
50.0021, 35.125, 597
50.00133, 35.125, 598
50.00084, 35.125, 599
50.00053, 35.125, 600
50.00034, 35.125, 601
50.00021, 35.125, 602
50.00013, 35.125, 603
50.00008, 35.125, 604
50.00005, 35.125, 605
50.00003, 35.125, 606
50.25512, 35.4375, 607
50.1614, 35.4375, 608
50.10211, 35.4375, 609
50.0646, 35.4375, 610
50.04087, 35.4375, 611
50.02586, 35.4375, 612
50.01636, 35.4375, 613
50.01035, 35.4375, 614
50.00655, 35.4375, 615
50.00414, 35.4375, 616
50.00262, 35.4375, 617
50.00166, 35.4375, 618
50.00105, 35.4375, 619
50.00066, 35.4375, 620
50.00042, 35.4375, 621
50.00027, 35.4375, 622
50.00017, 35.4375, 623
50.00011, 35.4375, 624
50.00007, 35.4375, 625
50.25515, 35.75, 626
50.16142, 35.75, 627
50.10212, 35.75, 628
50.06461, 35.75, 629
50.04087, 35.75, 630
50.02586, 35.75, 631
50.01636, 35.75, 632
50.01035, 35.75, 633
50.00655, 35.75, 634
50.00414, 35.75, 635
50.00262, 35.75, 636
50.00166, 35.75, 637
50.00105, 35.75, 638
50.00066, 35.75, 639
50.00042, 35.75, 640
50.00027, 35.75, 641
50.00017, 35.75, 642
50.00011, 35.75, 643
50.00007, 35.75, 644
50.00004, 35.75, 645
50.20411, 36.0, 646
50.12913, 36.0, 647
50.0817, 36.0, 648
50.05169, 36.0, 649
50.0327, 36.0, 650
50.02069, 36.0, 651
50.01309, 36.0, 652
50.00828, 36.0, 653
50.00524, 36.0, 654
50.00331, 36.0, 655
50.0021, 36.0, 656
50.00133, 36.0, 657
50.00084, 36.0, 658
50.00053, 36.0, 659
50.00034, 36.0, 660
50.00021, 36.0, 661
50.00013, 36.0, 662
50.00008, 36.0, 663
50.00005, 36.0, 664
50.00003, 36.0, 665
50.25512, 36.3125, 666
50.1614, 36.3125, 667
50.10211, 36.3125, 668
50.0646, 36.3125, 669
50.04087, 36.3125, 670
50.02586, 36.3125, 671
50.01636, 36.3125, 672
50.01035, 36.3125, 673
50.00655, 36.3125, 674
50.00414, 36.3125, 675
50.00262, 36.3125, 676
50.00166, 36.3125, 677
50.00105, 36.3125, 678
50.00066, 36.3125, 679
50.00042, 36.3125, 680
50.00027, 36.3125, 681
50.00017, 36.3125, 682
50.00011, 36.3125, 683
50.00007, 36.3125, 684
50.20412, 36.5625, 685
50.12914, 36.5625, 686
50.0817, 36.5625, 687
50.05169, 36.5625, 688
50.0327, 36.5625, 689
50.02069, 36.5625, 690
50.01309, 36.5625, 691
50.00828, 36.5625, 692
50.00524, 36.5625, 693
50.00331, 36.5625, 694
50.0021, 36.5625, 695
50.00133, 36.5625, 696
50.00084, 36.5625, 697
50.00053, 36.5625, 698
50.00034, 36.5625, 699
50.00021, 36.5625, 700
50.00013, 36.5625, 701
50.00008, 36.5625, 702
50.00005, 36.5625, 703
50.00003, 36.5625, 704
50.2041, 36.8125, 705
50.12913, 36.8125, 706
50.08169, 36.8125, 707
50.05168, 36.8125, 708
50.0327, 36.8125, 709
50.02069, 36.8125, 710
50.01309, 36.8125, 711
50.00828, 36.8125, 712
50.00524, 36.8125, 713
50.00331, 36.8125, 714
50.0021, 36.8125, 715
50.00133, 36.8125, 716
50.00084, 36.8125, 717
50.00053, 36.8125, 718
50.00034, 36.8125, 719
50.00021, 36.8125, 720
50.00013, 36.8125, 721
50.00008, 36.8125, 722
50.00005, 36.8125, 723
50.00003, 36.8125, 724
50.25512, 37.125, 725
50.1614, 37.125, 726
50.10211, 37.125, 727
50.0646, 37.125, 728
50.04087, 37.125, 729
50.02586, 37.125, 730
50.01636, 37.125, 731
50.01035, 37.125, 732
50.00655, 37.125, 733
50.00414, 37.125, 734
50.00262, 37.125, 735
50.00166, 37.125, 736
50.00105, 37.125, 737
50.00066, 37.125, 738
50.00042, 37.125, 739
50.00027, 37.125, 740
50.00017, 37.125, 741
50.00011, 37.125, 742
50.00007, 37.125, 743
50.00004, 37.125, 744
50.20411, 37.375, 745
50.12913, 37.375, 746
50.0817, 37.375, 747
50.05169, 37.375, 748
50.0327, 37.375, 749
50.02069, 37.375, 750
50.01309, 37.375, 751
50.00828, 37.375, 752
50.00524, 37.375, 753
50.00331, 37.375, 754
50.0021, 37.375, 755
50.00133, 37.375, 756
50.00084, 37.375, 757
50.00053, 37.375, 758
50.00034, 37.375, 759
50.00021, 37.375, 760
50.00013, 37.375, 761
50.00008, 37.375, 762
50.20414, 37.625, 763
50.12915, 37.625, 764
50.08171, 37.625, 765
50.05169, 37.625, 766
50.0327, 37.625, 767
50.02069, 37.625, 768
50.01309, 37.625, 769
50.00828, 37.625, 770
50.00524, 37.625, 771
50.00331, 37.625, 772
50.0021, 37.625, 773
50.00133, 37.625, 774
50.00084, 37.625, 775
50.00053, 37.625, 776
50.00034, 37.625, 777
50.00021, 37.625, 778
50.00013, 37.625, 779
50.00008, 37.625, 780
50.00005, 37.625, 781
50.00003, 37.625, 782
50.25512, 37.9375, 783
50.1614, 37.9375, 784
50.10211, 37.9375, 785
50.0646, 37.9375, 786
50.04087, 37.9375, 787
50.02586, 37.9375, 788
50.01636, 37.9375, 789
50.01035, 37.9375, 790
50.00655, 37.9375, 791
50.00414, 37.9375, 792
50.00262, 37.9375, 793
50.00166, 37.9375, 794
50.00105, 37.9375, 795
50.00066, 37.9375, 796
50.00042, 37.9375, 797
50.00027, 37.9375, 798
50.00017, 37.9375, 799
50.00011, 37.9375, 800
50.00007, 37.9375, 801
50.00004, 37.9375, 802
50.20411, 38.1875, 803
50.12913, 38.1875, 804
50.0817, 38.1875, 805
50.05169, 38.1875, 806
50.0327, 38.1875, 807
50.02069, 38.1875, 808
50.01309, 38.1875, 809
50.00828, 38.1875, 810
50.00524, 38.1875, 811
50.00331, 38.1875, 812
50.0021, 38.1875, 813
50.00133, 38.1875, 814
50.00084, 38.1875, 815
50.00053, 38.1875, 816
50.00034, 38.1875, 817
50.00021, 38.1875, 818
50.00013, 38.1875, 819
50.00008, 38.1875, 820
50.00005, 38.1875, 821
50.20412, 38.4375, 822
50.12914, 38.4375, 823
50.0817, 38.4375, 824
50.05169, 38.4375, 825
50.0327, 38.4375, 826
50.02069, 38.4375, 827
50.01309, 38.4375, 828
50.00828, 38.4375, 829
50.00524, 38.4375, 830
50.00331, 38.4375, 831
50.0021, 38.4375, 832
50.00133, 38.4375, 833
50.00084, 38.4375, 834
50.00053, 38.4375, 835
50.00034, 38.4375, 836
50.00021, 38.4375, 837
50.00013, 38.4375, 838
50.00008, 38.4375, 839
50.00005, 38.4375, 840
50.20412, 38.6875, 841
50.12914, 38.6875, 842
50.0817, 38.6875, 843
50.05169, 38.6875, 844
50.0327, 38.6875, 845
50.02069, 38.6875, 846
50.01309, 38.6875, 847
50.00828, 38.6875, 848
50.00524, 38.6875, 849
50.00331, 38.6875, 850
50.0021, 38.6875, 851
50.00133, 38.6875, 852
50.00084, 38.6875, 853
50.00053, 38.6875, 854
50.00034, 38.6875, 855
50.00021, 38.6875, 856
50.00013, 38.6875, 857
50.00008, 38.6875, 858
50.00005, 38.6875, 859
50.00003, 38.6875, 860
50.2041, 38.9375, 861
50.12913, 38.9375, 862
50.08169, 38.9375, 863
50.05168, 38.9375, 864
50.0327, 38.9375, 865
50.02069, 38.9375, 866
50.01309, 38.9375, 867
50.00828, 38.9375, 868
50.00524, 38.9375, 869
50.00331, 38.9375, 870
50.0021, 38.9375, 871
50.00133, 38.9375, 872
50.00084, 38.9375, 873
50.00053, 38.9375, 874
50.00034, 38.9375, 875
50.00021, 38.9375, 876
50.00013, 38.9375, 877
50.00008, 38.9375, 878
50.00005, 38.9375, 879
50.00003, 38.9375, 880
50.2041, 39.1875, 881
50.12913, 39.1875, 882
50.08169, 39.1875, 883
50.05168, 39.1875, 884
50.0327, 39.1875, 885
50.02069, 39.1875, 886
50.01309, 39.1875, 887
50.00828, 39.1875, 888
50.00524, 39.1875, 889
50.00331, 39.1875, 890
50.0021, 39.1875, 891
50.00133, 39.1875, 892
50.00084, 39.1875, 893
50.00053, 39.1875, 894
50.00034, 39.1875, 895
50.00021, 39.1875, 896
50.00013, 39.1875, 897
50.00008, 39.1875, 898
50.00005, 39.1875, 899
50.25513, 39.5, 900
50.16141, 39.5, 901
50.10212, 39.5, 902
50.06461, 39.5, 903
50.04087, 39.5, 904
50.02586, 39.5, 905
50.01636, 39.5, 906
50.01035, 39.5, 907
50.00655, 39.5, 908
50.00414, 39.5, 909
50.00262, 39.5, 910
50.00166, 39.5, 911
50.00105, 39.5, 912
50.00066, 39.5, 913
50.00042, 39.5, 914
50.00027, 39.5, 915
50.00017, 39.5, 916
50.00011, 39.5, 917
50.00007, 39.5, 918
50.00004, 39.5, 919
50.20411, 39.75, 920
50.12913, 39.75, 921
50.0817, 39.75, 922
50.05169, 39.75, 923
50.0327, 39.75, 924
50.02069, 39.75, 925
50.01309, 39.75, 926
50.00828, 39.75, 927
50.00524, 39.75, 928
50.00331, 39.75, 929
50.0021, 39.75, 930
50.00133, 39.75, 931
50.00084, 39.75, 932
50.00053, 39.75, 933
50.00034, 39.75, 934
50.00021, 39.75, 935
50.00013, 39.75, 936
50.00008, 39.75, 937
50.00005, 39.75, 938
50.00003, 39.75, 939
50.0666, 40.0, 940
49.99163, 40.0, 941
49.94419, 40.0, 942
49.91418, 40.0, 943
49.8952, 40.0, 944
49.88319, 40.0, 945
49.87559, 40.0, 946
49.87078, 40.0, 947
49.86774, 40.0, 948
49.86581, 40.0, 949
49.8646, 40.0, 950
49.86383, 40.0, 951
49.86334, 40.0, 952
49.86303, 40.0, 953
49.86283, 40.0, 954
49.86271, 40.0, 955
49.86263, 40.0, 956
49.86258, 40.0, 957
49.86255, 40.0, 958
49.70412, 40.25, 959
49.40414, 40.25, 960
49.1317, 40.25, 961
48.87669, 40.25, 962
48.63271, 40.25, 963
48.39569, 40.25, 964
48.1631, 40.25, 965
47.93329, 40.25, 966
47.70525, 40.25, 967
47.47833, 40.25, 968
47.25211, 40.25, 969
47.02634, 40.25, 970
46.80086, 40.25, 971
46.57555, 40.25, 972
46.35036, 40.25, 973
46.12524, 40.25, 974
45.90016, 40.25, 975
45.67511, 40.25, 976
45.45008, 40.25, 977
45.22506, 40.25, 978
44.88124, 40.4375, 979
44.43125, 40.4375, 980
44.00193, 40.4375, 981
43.58567, 40.4375, 982
43.17768, 40.4375, 983
42.77492, 40.4375, 984
42.37547, 40.4375, 985
41.97812, 40.4375, 986
41.58209, 40.4375, 987
41.1869, 40.4375, 988
40.79223, 40.4375, 989
40.39791, 40.4375, 990
40.00379, 40.4375, 991
39.60981, 40.4375, 992
39.21592, 40.4375, 993
38.82207, 40.4375, 994
38.42826, 40.4375, 995
38.03448, 40.4375, 996
37.64071, 40.4375, 997
37.08852, 40.6875, 998
36.39479, 40.6875, 999
35.72861, 40.6875, 1000
35.07985, 40.6875, 1001
34.44211, 40.6875, 1002
33.81135, 40.6875, 1003
33.185, 40.6875, 1004
32.56144, 40.6875, 1005
31.93964, 40.6875, 1006
31.31897, 40.6875, 1007
30.699, 40.6875, 1008
30.07948, 40.6875, 1009
29.46025, 40.6875, 1010
28.84119, 40.6875, 1011
28.22224, 40.6875, 1012
27.60337, 40.6875, 1013
26.98454, 40.6875, 1014
26.36574, 40.6875, 1015
25.74696, 40.6875, 1016
25.12819, 40.6875, 1017
24.35101, 40.9375, 1018
23.43228, 40.9375, 1019
22.5411, 40.9375, 1020
21.66734, 40.9375, 1021
20.80461, 40.9375, 1022
19.94884, 40.9375, 1023
19.09749, 40.9375, 1024
18.24894, 40.9375, 1025
17.40215, 40.9375, 1026
16.55647, 40.9375, 1027
15.7115, 40.9375, 1028
14.86698, 40.9375, 1029
14.02275, 40.9375, 1030
13.17869, 40.9375, 1031
12.33474, 40.9375, 1032
11.49087, 40.9375, 1033
10.64704, 40.9375, 1034
9.803243, 40.9375, 1035
8.959461, 40.9375, 1036
7.957273, 41.1875, 1037
6.813542, 41.1875, 1038
5.697355, 41.1875, 1039
4.598594, 41.1875, 1040
3.510857, 41.1875, 1041
2.430095, 41.1875, 1042
1.353746, 41.1875, 1043
0.2801883, 41.1875, 1044
-0.7916035, 41.1875, 1045
-1.184186, 41.1875, 1046
-1.185403, 41.1875, 1047
-1.186174, 41.1875, 1048
-1.186661, 41.1875, 1049
-1.186969, 41.1875, 1050
-1.187164, 41.1875, 1051
-1.187287, 41.1875, 1052
-1.187366, 41.1875, 1053
-1.187415, 41.1875, 1054
-1.233365, 41.4375, 1055
-1.308353, 41.4375, 1056
-1.355795, 41.4375, 1057
-1.385809, 41.4375, 1058
-1.404798, 41.4375, 1059
-1.416811, 41.4375, 1060
-1.424411, 41.4375, 1061
-1.429219, 41.4375, 1062
-1.432261, 41.4375, 1063
-1.434186, 41.4375, 1064
-1.435403, 41.4375, 1065
-1.436173, 41.4375, 1066
-1.436661, 41.4375, 1067
-1.436969, 41.4375, 1068
-1.437164, 41.4375, 1069
-1.437287, 41.4375, 1070
-1.437366, 41.4375, 1071
-1.437415, 41.4375, 1072
-1.437446, 41.4375, 1073
-1.437466, 41.4375, 1074
-1.471917, 41.625, 1075
-1.528152, 41.625, 1076
-1.563729, 41.625, 1077
-1.586236, 41.625, 1078
-1.600476, 41.625, 1079
-1.609485, 41.625, 1080
-1.615184, 41.625, 1081
-1.61879, 41.625, 1082
-1.621071, 41.625, 1083
-1.622514, 41.625, 1084
-1.623427, 41.625, 1085
-1.624005, 41.625, 1086
-1.624371, 41.625, 1087
-1.624602, 41.625, 1088
-1.624748, 41.625, 1089
-1.624841, 41.625, 1090
-1.624899, 41.625, 1091
-1.624936, 41.625, 1092
-1.62496, 41.625, 1093
-1.624974, 41.625, 1094
-1.659423, 41.8125, 1095
-1.715655, 41.8125, 1096
-1.751231, 41.8125, 1097
-1.773738, 41.8125, 1098
-1.787977, 41.8125, 1099
-1.796986, 41.8125, 1100
-1.802685, 41.8125, 1101
-1.80629, 41.8125, 1102
-1.808571, 41.8125, 1103
-1.810015, 41.8125, 1104
-1.810928, 41.8125, 1105
-1.811505, 41.8125, 1106
-1.811871, 41.8125, 1107
-1.812102, 41.8125, 1108
-1.812248, 41.8125, 1109
-1.812341, 41.8125, 1110
-1.812399, 41.8125, 1111
-1.812436, 41.8125, 1112
-1.81246, 41.8125, 1113
-1.812474, 41.8125, 1114
-1.846923, 42.0, 1115
-1.903155, 42.0, 1116
-1.938731, 42.0, 1117
-1.961238, 42.0, 1118
-1.975477, 42.0, 1119
-1.984486, 42.0, 1120
-1.990185, 42.0, 1121
-1.99379, 42.0, 1122
-1.996071, 42.0, 1123
-1.997515, 42.0, 1124
-1.998428, 42.0, 1125
-1.999005, 42.0, 1126
-1.999371, 42.0, 1127
-1.999602, 42.0, 1128
-1.999748, 42.0, 1129
-1.999841, 42.0, 1130
-1.999899, 42.0, 1131
-1.999936, 42.0, 1132
-1.99996, 42.0, 1133
-2.034413, 42.1875, 1134
-2.090649, 42.1875, 1135
-2.126227, 42.1875, 1136
-2.148736, 42.1875, 1137
-2.162976, 42.1875, 1138
-2.171984, 42.1875, 1139
-2.177684, 42.1875, 1140
-2.18129, 42.1875, 1141
-2.183571, 42.1875, 1142
-2.185014, 42.1875, 1143
-2.185927, 42.1875, 1144
-2.186505, 42.1875, 1145
-2.186871, 42.1875, 1146
-2.187102, 42.1875, 1147
-2.187248, 42.1875, 1148
-2.187341, 42.1875, 1149
-2.187399, 42.1875, 1150
-2.187436, 42.1875, 1151
-2.18746, 42.1875, 1152
-2.187474, 42.1875, 1153
-2.210443, 42.3125, 1154
-2.247933, 42.3125, 1155
-2.271652, 42.3125, 1156
-2.286657, 42.3125, 1157
-2.29615, 42.3125, 1158
-2.302156, 42.3125, 1159
-2.305956, 42.3125, 1160
-2.30836, 42.3125, 1161
-2.309881, 42.3125, 1162
-2.310843, 42.3125, 1163
-2.311452, 42.3125, 1164
-2.311837, 42.3125, 1165
-2.31208, 42.3125, 1166
-2.312235, 42.3125, 1167
-2.312332, 42.3125, 1168
-2.312394, 42.3125, 1169
-2.312433, 42.3125, 1170
-2.312458, 42.3125, 1171
-2.312473, 42.3125, 1172
-2.312483, 42.3125, 1173
-2.335449, 42.4375, 1174
-2.372937, 42.4375, 1175
-2.396654, 42.4375, 1176
-2.411659, 42.4375, 1177
-2.421151, 42.4375, 1178
-2.427157, 42.4375, 1179
-2.430956, 42.4375, 1180
-2.43336, 42.4375, 1181
-2.434881, 42.4375, 1182
-2.435843, 42.4375, 1183
-2.436452, 42.4375, 1184
-2.436837, 42.4375, 1185
-2.43708, 42.4375, 1186
-2.437235, 42.4375, 1187
-2.437332, 42.4375, 1188
-2.437394, 42.4375, 1189
-2.437433, 42.4375, 1190
-2.437458, 42.4375, 1191
-2.437473, 42.4375, 1192
-2.437483, 42.4375, 1193
-2.448969, 42.5, 1194
-2.467715, 42.5, 1195
-2.479575, 42.5, 1196
-2.487078, 42.5, 1197
-2.491825, 42.5, 1198
-2.494828, 42.5, 1199
-2.496728, 42.5, 1200
-2.49793, 42.5, 1201
-2.49869, 42.5, 1202
-2.499171, 42.5, 1203
-2.499476, 42.5, 1204
-2.499668, 42.5, 1205
-2.49979, 42.5, 1206
-2.499867, 42.5, 1207
-2.499916, 42.5, 1208
-2.499947, 42.5, 1209
-2.499966, 42.5, 1210
-2.499979, 42.5, 1211
-2.499987, 42.5, 1212
-2.499991, 42.5, 1213
-2.511474, 42.5625, 1214
-2.530218, 42.5625, 1215
-2.542077, 42.5625, 1216
-2.549579, 42.5625, 1217
-2.554326, 42.5625, 1218
-2.557328, 42.5625, 1219
-2.559228, 42.5625, 1220
-2.56043, 42.5625, 1221
-2.56119, 42.5625, 1222
-2.561671, 42.5625, 1223
-2.561976, 42.5625, 1224
-2.562168, 42.5625, 1225
-2.56229, 42.5625, 1226
-2.562367, 42.5625, 1227
-2.562416, 42.5625, 1228
-2.562447, 42.5625, 1229
-2.562466, 42.5625, 1230
-2.562479, 42.5625, 1231
-2.562487, 42.5625, 1232
-2.562491, 42.5625, 1233
-2.573974, 42.625, 1234
-2.592718, 42.625, 1235
-2.604577, 42.625, 1236
-2.612079, 42.625, 1237
-2.616826, 42.625, 1238
-2.619828, 42.625, 1239
-2.621728, 42.625, 1240
-2.62293, 42.625, 1241
-2.62369, 42.625, 1242
-2.624171, 42.625, 1243
-2.624476, 42.625, 1244
-2.624668, 42.625, 1245
-2.62479, 42.625, 1246
-2.624867, 42.625, 1247
-2.624916, 42.625, 1248
-2.624947, 42.625, 1249
-2.624966, 42.625, 1250
-2.624979, 42.625, 1251
-2.624987, 42.625, 1252
-2.636471, 42.6875, 1253
-2.655216, 42.6875, 1254
-2.667076, 42.6875, 1255
-2.674578, 42.6875, 1256
-2.679325, 42.6875, 1257
-2.682328, 42.6875, 1258
-2.684228, 42.6875, 1259
-2.68543, 42.6875, 1260
-2.68619, 42.6875, 1261
-2.686671, 42.6875, 1262
-2.686976, 42.6875, 1263
-2.687168, 42.6875, 1264
-2.68729, 42.6875, 1265
-2.687367, 42.6875, 1266
-2.687416, 42.6875, 1267
-2.687447, 42.6875, 1268
-2.687466, 42.6875, 1269
-2.687479, 42.6875, 1270
-2.687487, 42.6875, 1271
-2.687491, 42.6875, 1272
-2.687495, 42.6875, 1273
-2.687497, 42.6875, 1274
-2.687498, 42.6875, 1275
-2.687499, 42.6875, 1276
-2.687499, 42.6875, 1277
-2.6875, 42.6875, 1278
-2.6875, 42.6875, 1279
-2.6875, 42.6875, 1280
-2.6875, 42.6875, 1281
-2.6875, 42.6875, 1282
-2.6875, 42.6875, 1283
-2.6875, 42.6875, 1284
-2.6875, 42.6875, 1285
-2.6875, 42.6875, 1286
-2.6875, 42.6875, 1287
-2.6875, 42.6875, 1288
-2.6875, 42.6875, 1289
-2.6875, 42.6875, 1290
-2.6875, 42.6875, 1291
-2.6875, 42.6875, 1292
-2.6875, 42.6875, 1293
-2.6875, 42.6875, 1294
-2.6875, 42.6875, 1295
-2.6875, 42.6875, 1296
-2.6875, 42.6875, 1297
-2.6875, 42.6875, 1298
-2.6875, 42.6875, 1299
-2.6875, 42.6875, 1300
-2.6875, 42.6875, 1301
-2.6875, 42.6875, 1302
-2.6875, 42.6875, 1303
-2.6875, 42.6875, 1304
-2.6875, 42.6875, 1305
-2.6875, 42.6875, 1306
-2.6875, 42.6875, 1307
-2.6875, 42.6875, 1308
-2.6875, 42.6875, 1309
-2.6875, 42.6875, 1310
-2.6875, 42.6875, 1311
-2.6875, 42.6875, 1312
-2.6875, 42.6875, 1313
-2.6875, 42.6875, 1314
-2.6875, 42.6875, 1315
-2.6875, 42.6875, 1316
-2.6875, 42.6875, 1317
-2.6875, 42.6875, 1318
-2.6875, 42.6875, 1319
-2.6875, 42.6875, 1320
-2.6875, 42.6875, 1321
-2.6875, 42.6875, 1322
-2.6875, 42.6875, 1323
-2.6875, 42.6875, 1324
-2.6875, 42.6875, 1325
-2.6875, 42.6875, 1326
-2.6875, 42.6875, 1327
-2.6875, 42.6875, 1328
-2.6875, 42.6875, 1329
-2.6875, 42.6875, 1330
-2.6875, 42.6875, 1331
-2.6875, 42.6875, 1332
-2.6875, 42.6875, 1333
-2.6875, 42.6875, 1334
-2.6875, 42.6875, 1335
-2.6875, 42.6875, 1336
-2.6875, 42.6875, 1337
-2.6875, 42.6875, 1338
-2.6875, 42.6875, 1339
-2.6875, 42.6875, 1340
-2.6875, 42.6875, 1341
-2.6875, 42.6875, 1342
-2.6875, 42.6875, 1343
-2.6875, 42.6875, 1344
-2.6875, 42.6875, 1345
-2.6875, 42.6875, 1346
-2.6875, 42.6875, 1347
-2.6875, 42.6875, 1348
-2.6875, 42.6875, 1349
-2.6875, 42.6875, 1350
-2.67602, 42.625, 1351
-2.657278, 42.625, 1352
-2.645421, 42.625, 1353
-2.637919, 42.625, 1354
-2.633173, 42.625, 1355
-2.630171, 42.625, 1356
-2.628271, 42.625, 1357
-2.62707, 42.625, 1358
-2.626309, 42.625, 1359
-2.625829, 42.625, 1360
-2.625524, 42.625, 1361
-2.625332, 42.625, 1362
-2.62521, 42.625, 1363
-2.625133, 42.625, 1364
-2.625084, 42.625, 1365
-2.625053, 42.625, 1366
-2.625034, 42.625, 1367
-2.625021, 42.625, 1368
-2.625013, 42.625, 1369
-2.625009, 42.625, 1370
-2.625005, 42.625, 1371
-2.625003, 42.625, 1372
-2.625002, 42.625, 1373
-2.625001, 42.625, 1374
-2.625001, 42.625, 1375
-2.625, 42.625, 1376
-2.625, 42.625, 1377
-2.625, 42.625, 1378
-2.625, 42.625, 1379
-2.625, 42.625, 1380
-2.625, 42.625, 1381
-2.625, 42.625, 1382
-2.625, 42.625, 1383
-2.625, 42.625, 1384
-2.625, 42.625, 1385
-2.625, 42.625, 1386
-2.625, 42.625, 1387
-2.625, 42.625, 1388
-2.625, 42.625, 1389
-2.625, 42.625, 1390
-2.61352, 42.5625, 1391
-2.594778, 42.5625, 1392
-2.582921, 42.5625, 1393
-2.575419, 42.5625, 1394
-2.570673, 42.5625, 1395
-2.567671, 42.5625, 1396
-2.565771, 42.5625, 1397
-2.56457, 42.5625, 1398
-2.563809, 42.5625, 1399
-2.563329, 42.5625, 1400
-2.563024, 42.5625, 1401
-2.562832, 42.5625, 1402
-2.56271, 42.5625, 1403
-2.562633, 42.5625, 1404
-2.562584, 42.5625, 1405
-2.562553, 42.5625, 1406
-2.562534, 42.5625, 1407
-2.562521, 42.5625, 1408
-2.562513, 42.5625, 1409
-2.562509, 42.5625, 1410
-2.551026, 42.5, 1411
-2.532282, 42.5, 1412
-2.520423, 42.5, 1413
-2.512921, 42.5, 1414
-2.508174, 42.5, 1415
-2.505172, 42.5, 1416
-2.503272, 42.5, 1417
-2.50207, 42.5, 1418
-2.50131, 42.5, 1419
-2.500829, 42.5, 1420
-2.500524, 42.5, 1421
-2.500332, 42.5, 1422
-2.50021, 42.5, 1423
-2.500133, 42.5, 1424
-2.500084, 42.5, 1425
-2.500053, 42.5, 1426
-2.500034, 42.5, 1427
-2.500021, 42.5, 1428
-2.500013, 42.5, 1429
-2.488529, 42.4375, 1430
-2.469784, 42.4375, 1431
-2.457924, 42.4375, 1432
-2.450422, 42.4375, 1433
-2.445675, 42.4375, 1434
-2.442672, 42.4375, 1435
-2.440772, 42.4375, 1436
-2.43957, 42.4375, 1437
-2.43881, 42.4375, 1438
-2.438329, 42.4375, 1439
-2.438024, 42.4375, 1440
-2.437832, 42.4375, 1441
-2.43771, 42.4375, 1442
-2.437633, 42.4375, 1443
-2.437584, 42.4375, 1444
-2.437553, 42.4375, 1445
-2.437534, 42.4375, 1446
-2.437521, 42.4375, 1447
-2.437513, 42.4375, 1448
-2.437509, 42.4375, 1449
-2.426026, 42.375, 1450
-2.407282, 42.375, 1451
-2.395423, 42.375, 1452
-2.387921, 42.375, 1453
-2.383174, 42.375, 1454
-2.380172, 42.375, 1455
-2.378272, 42.375, 1456
-2.37707, 42.375, 1457
-2.37631, 42.375, 1458
-2.375829, 42.375, 1459
-2.375524, 42.375, 1460
-2.375332, 42.375, 1461
-2.37521, 42.375, 1462
-2.375133, 42.375, 1463
-2.375084, 42.375, 1464
-2.375053, 42.375, 1465
-2.375034, 42.375, 1466
-2.375021, 42.375, 1467
-2.375013, 42.375, 1468
-2.352049, 42.25, 1469
-2.314562, 42.25, 1470
-2.290845, 42.25, 1471
-2.275841, 42.25, 1472
-2.266348, 42.25, 1473
-2.260343, 42.25, 1474
-2.256543, 42.25, 1475
-2.25414, 42.25, 1476
-2.252619, 42.25, 1477
-2.251657, 42.25, 1478
-2.251048, 42.25, 1479
-2.250663, 42.25, 1480
-2.25042, 42.25, 1481
-2.250265, 42.25, 1482
-2.250168, 42.25, 1483
-2.250106, 42.25, 1484
-2.250067, 42.25, 1485
-2.250042, 42.25, 1486
-2.250027, 42.25, 1487
-2.250017, 42.25, 1488
-2.238531, 42.1875, 1489
-2.219785, 42.1875, 1490
-2.207925, 42.1875, 1491
-2.200422, 42.1875, 1492
-2.195675, 42.1875, 1493
-2.192672, 42.1875, 1494
-2.190772, 42.1875, 1495
-2.18957, 42.1875, 1496
-2.18881, 42.1875, 1497
-2.188329, 42.1875, 1498
-2.188024, 42.1875, 1499
-2.187832, 42.1875, 1500
-2.18771, 42.1875, 1501
-2.187633, 42.1875, 1502
-2.187584, 42.1875, 1503
-2.187553, 42.1875, 1504
-2.187534, 42.1875, 1505
-2.187521, 42.1875, 1506
-2.187513, 42.1875, 1507
-2.187509, 42.1875, 1508
-2.176026, 42.125, 1509
-2.157282, 42.125, 1510
-2.145423, 42.125, 1511
-2.137921, 42.125, 1512
-2.133174, 42.125, 1513
-2.130172, 42.125, 1514
-2.128272, 42.125, 1515
-2.12707, 42.125, 1516
-2.12631, 42.125, 1517
-2.125829, 42.125, 1518
-2.125524, 42.125, 1519
-2.125332, 42.125, 1520
-2.12521, 42.125, 1521
-2.125133, 42.125, 1522
-2.125084, 42.125, 1523
-2.125053, 42.125, 1524
-2.125034, 42.125, 1525
-2.125021, 42.125, 1526
-2.125013, 42.125, 1527
-2.125009, 42.125, 1528
-2.102046, 42.0, 1529
-2.06456, 42.0, 1530
-2.040844, 42.0, 1531
-2.02584, 42.0, 1532
-2.016348, 42.0, 1533
-2.010343, 42.0, 1534
-2.006543, 42.0, 1535
-2.00414, 42.0, 1536
-2.002619, 42.0, 1537
-2.001657, 42.0, 1538
-2.001048, 42.0, 1539
-2.000663, 42.0, 1540
-2.00042, 42.0, 1541
-2.000265, 42.0, 1542
-2.000168, 42.0, 1543
-2.000106, 42.0, 1544
-2.000067, 42.0, 1545
-2.000042, 42.0, 1546
-2.000027, 42.0, 1547
-2.000017, 42.0, 1548
-1.988531, 41.9375, 1549
-1.969785, 41.9375, 1550
-1.957925, 41.9375, 1551
-1.950422, 41.9375, 1552
-1.945675, 41.9375, 1553
-1.942672, 41.9375, 1554
-1.940772, 41.9375, 1555
-1.93957, 41.9375, 1556
-1.93881, 41.9375, 1557
-1.938329, 41.9375, 1558
-1.938024, 41.9375, 1559
-1.937832, 41.9375, 1560
-1.93771, 41.9375, 1561
-1.937633, 41.9375, 1562
-1.937584, 41.9375, 1563
-1.937553, 41.9375, 1564
-1.937534, 41.9375, 1565
-1.937521, 41.9375, 1566
-1.937513, 41.9375, 1567
-1.937508, 41.9375, 1568
-1.914546, 41.8125, 1569
-1.87706, 41.8125, 1570
-1.853344, 41.8125, 1571
-1.83834, 41.8125, 1572
-1.828848, 41.8125, 1573
-1.822843, 41.8125, 1574
-1.819043, 41.8125, 1575
-1.81664, 41.8125, 1576
-1.815119, 41.8125, 1577
-1.814157, 41.8125, 1578
-1.813548, 41.8125, 1579
-1.813163, 41.8125, 1580
-1.81292, 41.8125, 1581
-1.812766, 41.8125, 1582
-1.812668, 41.8125, 1583
-1.812606, 41.8125, 1584
-1.812567, 41.8125, 1585
-1.812543, 41.8125, 1586
-1.812527, 41.8125, 1587
-1.801037, 41.75, 1588
-1.782289, 41.75, 1589
-1.770428, 41.75, 1590
-1.762924, 41.75, 1591
-1.758176, 41.75, 1592
-1.755173, 41.75, 1593
-1.753273, 41.75, 1594
-1.75207, 41.75, 1595
-1.75131, 41.75, 1596
-1.750829, 41.75, 1597
-1.750524, 41.75, 1598
-1.750332, 41.75, 1599
-1.75021, 41.75, 1600
-1.750133, 41.75, 1601
-1.750084, 41.75, 1602
-1.750053, 41.75, 1603
-1.750034, 41.75, 1604
-1.750021, 41.75, 1605
-1.750013, 41.75, 1606
-1.750008, 41.75, 1607
-1.727046, 41.625, 1608
-1.68956, 41.625, 1609
-1.665844, 41.625, 1610
-1.65084, 41.625, 1611
-1.641348, 41.625, 1612
-1.635343, 41.625, 1613
-1.631543, 41.625, 1614
-1.62914, 41.625, 1615
-1.627619, 41.625, 1616
-1.626657, 41.625, 1617
-1.626048, 41.625, 1618
-1.625663, 41.625, 1619
-1.62542, 41.625, 1620
-1.625266, 41.625, 1621
-1.625168, 41.625, 1622
-1.625106, 41.625, 1623
-1.625067, 41.625, 1624
-1.625043, 41.625, 1625
-1.625027, 41.625, 1626
-1.625017, 41.625, 1627
-1.602052, 41.5, 1628
-1.564563, 41.5, 1629
-1.540846, 41.5, 1630
-1.525841, 41.5, 1631
-1.516349, 41.5, 1632
-1.510343, 41.5, 1633
-1.506544, 41.5, 1634
-1.50414, 41.5, 1635
-1.502619, 41.5, 1636
-1.501657, 41.5, 1637
-1.501048, 41.5, 1638
-1.500663, 41.5, 1639
-1.50042, 41.5, 1640
-1.500266, 41.5, 1641
-1.500168, 41.5, 1642
-1.500106, 41.5, 1643
-1.500067, 41.5, 1644
-1.500043, 41.5, 1645
-1.500027, 41.5, 1646
-1.488537, 41.4375, 1647
-1.469789, 41.4375, 1648
-1.457928, 41.4375, 1649
-1.450424, 41.4375, 1650
-1.445676, 41.4375, 1651
-1.442673, 41.4375, 1652
-1.440773, 41.4375, 1653
-1.43957, 41.4375, 1654
-1.43881, 41.4375, 1655
-1.438329, 41.4375, 1656
-1.438024, 41.4375, 1657
-1.437832, 41.4375, 1658
-1.43771, 41.4375, 1659
-1.437633, 41.4375, 1660
-1.437584, 41.4375, 1661
-1.437553, 41.4375, 1662
-1.437534, 41.4375, 1663
-1.437521, 41.4375, 1664
-1.437513, 41.4375, 1665
-1.437508, 41.4375, 1666
-1.414546, 41.3125, 1667
-1.37706, 41.3125, 1668
-1.353344, 41.3125, 1669
-1.33834, 41.3125, 1670
-1.328848, 41.3125, 1671
-1.322842, 41.3125, 1672
-1.319043, 41.3125, 1673
-1.31664, 41.3125, 1674
-1.315119, 41.3125, 1675
-1.314157, 41.3125, 1676
-1.313548, 41.3125, 1677
-1.313163, 41.3125, 1678
-1.312919, 41.3125, 1679
-1.312765, 41.3125, 1680
-1.312668, 41.3125, 1681
-1.312606, 41.3125, 1682
-1.312567, 41.3125, 1683
-1.312543, 41.3125, 1684
-1.312527, 41.3125, 1685
-1.289558, 41.1875, 1686
-1.252067, 41.1875, 1687
-1.228349, 41.1875, 1688
-1.213343, 41.1875, 1689
-1.20385, 41.1875, 1690
-1.197844, 41.1875, 1691
-1.194044, 41.1875, 1692
-1.19164, 41.1875, 1693
-1.190119, 41.1875, 1694
-1.189157, 41.1875, 1695
-1.188548, 41.1875, 1696
-1.188163, 41.1875, 1697
-1.18792, 41.1875, 1698
-1.187765, 41.1875, 1699
-1.187668, 41.1875, 1700
-1.187606, 41.1875, 1701
-1.187567, 41.1875, 1702
-1.187543, 41.1875, 1703
-1.187527, 41.1875, 1704
-1.187517, 41.1875, 1705
-1.164552, 41.0625, 1706
-1.127063, 41.0625, 1707
-1.103346, 41.0625, 1708
-1.088341, 41.0625, 1709
-1.078849, 41.0625, 1710
-1.072843, 41.0625, 1711
-1.069044, 41.0625, 1712
-1.06664, 41.0625, 1713
-1.065119, 41.0625, 1714
-1.064157, 41.0625, 1715
-1.063548, 41.0625, 1716
-1.063163, 41.0625, 1717
-1.06292, 41.0625, 1718
-1.062765, 41.0625, 1719
-1.062668, 41.0625, 1720
-1.062606, 41.0625, 1721
-1.062567, 41.0625, 1722
-1.062543, 41.0625, 1723
-1.062527, 41.0625, 1724
-1.051037, 41.0, 1725
-1.032289, 41.0, 1726
-1.020428, 41.0, 1727
-1.012924, 41.0, 1728
-1.008176, 41.0, 1729
-1.005173, 41.0, 1730
-1.003273, 41.0, 1731
-1.00207, 41.0, 1732
-1.00131, 41.0, 1733
-1.000829, 41.0, 1734
-1.000524, 41.0, 1735
-1.000332, 41.0, 1736
-1.00021, 41.0, 1737
-1.000133, 41.0, 1738
-1.000084, 41.0, 1739
-1.000053, 41.0, 1740
-1.000034, 41.0, 1741
-1.000021, 41.0, 1742
-1.000013, 41.0, 1743
-1.000008, 41.0, 1744
-0.9770462, 40.875, 1745
-0.9395598, 40.875, 1746
-0.915844, 40.875, 1747
-0.90084, 40.875, 1748
-0.8913478, 40.875, 1749
-0.8853425, 40.875, 1750
-0.8815433, 40.875, 1751
-0.8791396, 40.875, 1752
-0.8776189, 40.875, 1753
-0.8766569, 40.875, 1754
-0.8760482, 40.875, 1755
-0.8756632, 40.875, 1756
-0.8754195, 40.875, 1757
-0.8752654, 40.875, 1758
-0.8751679, 40.875, 1759
-0.8751062, 40.875, 1760
-0.8750672, 40.875, 1761
-0.8750425, 40.875, 1762
-0.8750269, 40.875, 1763
-0.8750171, 40.875, 1764
-0.8520515, 40.75, 1765
-0.8145632, 40.75, 1766
-0.7908461, 40.75, 1767
-0.7758414, 40.75, 1768
-0.7663486, 40.75, 1769
-0.760343, 40.75, 1770
-0.7565435, 40.75, 1771
-0.7541398, 40.75, 1772
-0.752619, 40.75, 1773
-0.751657, 40.75, 1774
-0.7510483, 40.75, 1775
-0.7506632, 40.75, 1776
-0.7504196, 40.75, 1777
-0.7502654, 40.75, 1778
-0.7501679, 40.75, 1779
-0.7501062, 40.75, 1780
-0.7500672, 40.75, 1781
-0.7500425, 40.75, 1782
-0.7500269, 40.75, 1783
-0.7270578, 40.625, 1784
-0.6895672, 40.625, 1785
-0.6658486, 40.625, 1786
-0.650843, 40.625, 1787
-0.6413497, 40.625, 1788
-0.6353436, 40.625, 1789
-0.6315439, 40.625, 1790
-0.62914, 40.625, 1791
-0.6276192, 40.625, 1792
-0.6266571, 40.625, 1793
-0.6260483, 40.625, 1794
-0.6256632, 40.625, 1795
-0.6254196, 40.625, 1796
-0.6252655, 40.625, 1797
-0.6251679, 40.625, 1798
-0.6251063, 40.625, 1799
-0.6250672, 40.625, 1800
-0.6250425, 40.625, 1801
-0.6250269, 40.625, 1802
-0.6250171, 40.625, 1803
-0.6135312, 40.5625, 1804
-0.594785, 40.5625, 1805
-0.5829252, 40.5625, 1806
-0.575422, 40.5625, 1807
-0.5706752, 40.5625, 1808
-0.5676721, 40.5625, 1809
-0.5657721, 40.5625, 1810
-0.5645701, 40.5625, 1811
-0.5638097, 40.5625, 1812
-0.5633286, 40.5625, 1813
-0.5630242, 40.5625, 1814
-0.5628316, 40.5625, 1815
-0.5627098, 40.5625, 1816
-0.5626328, 40.5625, 1817
-0.562584, 40.5625, 1818
-0.5625531, 40.5625, 1819
-0.5625336, 40.5625, 1820
-0.5625213, 40.5625, 1821
-0.5625134, 40.5625, 1822
-0.5395494, 40.4375, 1823
-0.5020618, 40.4375, 1824
-0.4783452, 40.4375, 1825
-0.4633409, 40.4375, 1826
-0.4538483, 40.4375, 1827
-0.4478428, 40.4375, 1828
-0.4440434, 40.4375, 1829
-0.4416397, 40.4375, 1830
-0.440119, 40.4375, 1831
-0.4391569, 40.4375, 1832
-0.4385483, 40.4375, 1833
-0.4381632, 40.4375, 1834
-0.4379196, 40.4375, 1835
-0.4377655, 40.4375, 1836
-0.4376679, 40.4375, 1837
-0.4376062, 40.4375, 1838
-0.4375672, 40.4375, 1839
-0.4375425, 40.4375, 1840
-0.4375269, 40.4375, 1841
-0.437517, 40.4375, 1842
-0.4145516, 40.3125, 1843
-0.3770633, 40.3125, 1844
-0.3533461, 40.3125, 1845
-0.3383414, 40.3125, 1846
-0.3288486, 40.3125, 1847
-0.322843, 40.3125, 1848
-0.3190435, 40.3125, 1849
-0.3166398, 40.3125, 1850
-0.3151191, 40.3125, 1851
-0.314157, 40.3125, 1852
-0.3135483, 40.3125, 1853
-0.3131632, 40.3125, 1854
-0.3129196, 40.3125, 1855
-0.3127655, 40.3125, 1856
-0.3126679, 40.3125, 1857
-0.3126062, 40.3125, 1858
-0.3125672, 40.3125, 1859
-0.3125425, 40.3125, 1860
-0.3125269, 40.3125, 1861
-0.312517, 40.3125, 1862
-0.2895516, 40.1875, 1863
-0.2520633, 40.1875, 1864
-0.2283461, 40.1875, 1865
-0.2133414, 40.1875, 1866
-0.2038486, 40.1875, 1867
-0.197843, 40.1875, 1868
-0.1940435, 40.1875, 1869
-0.1916398, 40.1875, 1870
-0.1901191, 40.1875, 1871
-0.189157, 40.1875, 1872
-0.1885483, 40.1875, 1873
-0.1881632, 40.1875, 1874
-0.1879196, 40.1875, 1875
-0.1877655, 40.1875, 1876
-0.1876679, 40.1875, 1877
-0.1876062, 40.1875, 1878
-0.1875672, 40.1875, 1879
-0.1875425, 40.1875, 1880
-0.1875269, 40.1875, 1881
-0.1760374, 40.125, 1882
-0.157289, 40.125, 1883
-0.1454277, 40.125, 1884
-0.1379237, 40.125, 1885
-0.1331762, 40.125, 1886
-0.1301727, 40.125, 1887
-0.1282725, 40.125, 1888
-0.1270704, 40.125, 1889
-0.1263098, 40.125, 1890
-0.1258287, 40.125, 1891
-0.1255243, 40.125, 1892
-0.1253317, 40.125, 1893
-0.1252098, 40.125, 1894
-0.1251328, 40.125, 1895
-0.125084, 40.125, 1896
-0.1250531, 40.125, 1897
-0.1250336, 40.125, 1898
-0.1250213, 40.125, 1899
-0.1250135, 40.125, 1900
-0.1250085, 40.125, 1901
-0.1020462, 40.0, 1902
-0.06455984, 40.0, 1903
-0.04084398, 40.0, 1904
-0.02584007, 40.0, 1905
-0.0163478, 40.0, 1906
-0.01034248, 40.0, 1907
-0.006543203, 40.0, 1908
-0.004139578, 40.0, 1909
-0.002618916, 40.0, 1910
-0.001656865, 40.0, 1911
-0.001048221, 40.0, 1912
-0.0006631601, 40.0, 1913
-0.0004195503, 40.0, 1914
-0.0002654298, 40.0, 1915
-0.0001679249, 40.0, 1916
-0.0001062382, 40.0, 1917
-6.721194e-05, 40.0, 1918
-4.252184e-05, 40.0, 1919
-2.690157e-05, 40.0, 1920
0.07919217, 39.875, 1921
0.2291828, 39.875, 1922
0.3654014, 39.875, 1923
0.492907, 39.875, 1924
0.6149004, 39.875, 1925
0.7334064, 39.875, 1926
0.8497061, 39.875, 1927
0.96461, 39.875, 1928
1.078631, 39.875, 1929
1.192093, 39.875, 1930
1.305202, 39.875, 1931
1.418087, 39.875, 1932
1.53083, 39.875, 1933
1.643484, 39.875, 1934
1.756082, 39.875, 1935
1.868644, 39.875, 1936
1.981182, 39.875, 1937
2.093707, 39.875, 1938
2.206223, 39.875, 1939
2.318733, 39.875, 1940
2.470844, 39.8125, 1941
2.65834, 39.8125, 1942
2.838949, 39.8125, 1943
3.015203, 39.8125, 1944
3.1887, 39.8125, 1945
3.360453, 39.8125, 1946
3.531103, 39.8125, 1947
3.701055, 39.8125, 1948
3.870565, 39.8125, 1949
4.039796, 39.8125, 1950
4.208851, 39.8125, 1951
4.377793, 39.8125, 1952
4.546665, 39.8125, 1953
4.715492, 39.8125, 1954
4.88429, 39.8125, 1955
5.053071, 39.8125, 1956
5.22184, 39.8125, 1957
5.390602, 39.8125, 1958
5.55936, 39.8125, 1959
5.728115, 39.8125, 1960
5.976077, 39.6875, 1961
6.294813, 39.6875, 1962
6.599779, 39.6875, 1963
6.896033, 39.6875, 1964
7.186775, 39.6875, 1965
7.47403, 39.6875, 1966
7.75908, 39.6875, 1967
8.042733, 39.6875, 1968
8.325504, 39.6875, 1969
8.607717, 39.6875, 1970
8.889575, 39.6875, 1971
9.17121, 39.6875, 1972
9.452703, 39.6875, 1973
9.734108, 39.6875, 1974
10.01546, 39.6875, 1975
10.29677, 39.6875, 1976
10.57806, 39.6875, 1977
10.85933, 39.6875, 1978
11.1406, 39.6875, 1979
11.50107, 39.5625, 1980
11.93231, 39.5625, 1981
12.34977, 39.5625, 1982
12.75853, 39.5625, 1983
13.16177, 39.5625, 1984
13.56153, 39.5625, 1985
13.95908, 39.5625, 1986
14.35523, 39.5625, 1987
14.75051, 39.5625, 1988
15.14522, 39.5625, 1989
15.53958, 39.5625, 1990
15.93371, 39.5625, 1991
16.32771, 39.5625, 1992
16.72161, 39.5625, 1993
17.11546, 39.5625, 1994
17.50927, 39.5625, 1995
17.90306, 39.5625, 1996
18.29683, 39.5625, 1997
18.69059, 39.5625, 1998
19.08435, 39.5625, 1999
19.51771, 39.5, 2000
19.98646, 39.5, 2001
20.44832, 39.5, 2002
20.90582, 39.5, 2003
21.36057, 39.5, 2004
21.81358, 39.5, 2005
22.26548, 39.5, 2006
22.71668, 39.5, 2007
23.16744, 39.5, 2008
23.61792, 39.5, 2009
24.06823, 39.5, 2010
24.51842, 39.5, 2011
24.96854, 39.5, 2012
25.41862, 39.5, 2013
25.86867, 39.5, 2014
26.3187, 39.5, 2015
26.76872, 39.5, 2016
27.21874, 39.5, 2017
27.66875, 39.5, 2018
28.15835, 39.4375, 2019
28.68335, 39.4375, 2020
29.20146, 39.4375, 2021
29.71521, 39.4375, 2022
30.22621, 39.4375, 2023
30.73546, 39.4375, 2024
31.24361, 39.4375, 2025
31.75107, 39.4375, 2026
32.25808, 39.4375, 2027
32.76481, 39.4375, 2028
33.27136, 39.4375, 2029
33.7778, 39.4375, 2030
34.28417, 39.4375, 2031
34.7905, 39.4375, 2032
35.29679, 39.4375, 2033
35.80307, 39.4375, 2034
36.30934, 39.4375, 2035
36.8156, 39.4375, 2036
37.32186, 39.4375, 2037
37.90732, 39.3125, 2038
38.56356, 39.3125, 2039
39.20603, 39.3125, 2040
39.83979, 39.3125, 2041
40.46803, 39.3125, 2042
41.09279, 39.3125, 2043
41.71534, 39.3125, 2044
42.33649, 39.3125, 2045
42.95676, 39.3125, 2046
43.57648, 39.3125, 2047
44.19584, 39.3125, 2048
44.81498, 39.3125, 2049
45.43397, 39.3125, 2050
46.05288, 39.3125, 2051
46.67173, 39.3125, 2052
47.29054, 39.3125, 2053
47.90933, 39.3125, 2054
48.52811, 39.3125, 2055
49.14687, 39.3125, 2056
49.76564, 39.3125, 2057
49.94897, 39.25, 2058
49.96772, 39.25, 2059
49.97958, 39.25, 2060
49.98708, 39.25, 2061
49.99183, 39.25, 2062
49.99483, 39.25, 2063
49.99673, 39.25, 2064
49.99793, 39.25, 2065
49.99869, 39.25, 2066
49.99917, 39.25, 2067
49.99948, 39.25, 2068
49.99967, 39.25, 2069
49.99979, 39.25, 2070
49.99987, 39.25, 2071
49.99992, 39.25, 2072
49.99995, 39.25, 2073
49.99997, 39.25, 2074
49.99998, 39.25, 2075
49.99998, 39.25, 2076
49.94897, 39.1875, 2077
49.96772, 39.1875, 2078
49.97958, 39.1875, 2079
49.98708, 39.1875, 2080
49.99183, 39.1875, 2081
49.99483, 39.1875, 2082
49.99673, 39.1875, 2083
49.99793, 39.1875, 2084
49.99869, 39.1875, 2085
49.99917, 39.1875, 2086
49.99948, 39.1875, 2087
49.99967, 39.1875, 2088
49.99979, 39.1875, 2089
49.99987, 39.1875, 2090
49.99992, 39.1875, 2091
49.99995, 39.1875, 2092
49.99997, 39.1875, 2093
49.99998, 39.1875, 2094
49.99998, 39.1875, 2095
49.99999, 39.1875, 2096
49.89795, 39.0625, 2097
49.93544, 39.0625, 2098
49.95916, 39.0625, 2099
49.97416, 39.0625, 2100
49.98365, 39.0625, 2101
49.98966, 39.0625, 2102
49.99346, 39.0625, 2103
49.99586, 39.0625, 2104
49.99738, 39.0625, 2105
49.99834, 39.0625, 2106
49.99895, 39.0625, 2107
49.99934, 39.0625, 2108
49.99958, 39.0625, 2109
49.99973, 39.0625, 2110
49.99983, 39.0625, 2111
49.99989, 39.0625, 2112
49.99993, 39.0625, 2113
49.99996, 39.0625, 2114
49.99997, 39.0625, 2115
49.99998, 39.0625, 2116
49.99999, 39.0625, 2117
49.99999, 39.0625, 2118
50.0, 39.0625, 2119
50.0, 39.0625, 2120
50.0, 39.0625, 2121
50.0, 39.0625, 2122
50.0, 39.0625, 2123
50.0, 39.0625, 2124
50.0, 39.0625, 2125
50.0, 39.0625, 2126
50.0, 39.0625, 2127
50.0, 39.0625, 2128
50.0, 39.0625, 2129
50.0, 39.0625, 2130
50.0, 39.0625, 2131
50.0, 39.0625, 2132
50.0, 39.0625, 2133
50.0, 39.0625, 2134
50.0, 39.0625, 2135
50.0, 39.0625, 2136
50.0, 39.0625, 2137
50.0, 39.0625, 2138
50.0, 39.0625, 2139
50.0, 39.0625, 2140
50.0, 39.0625, 2141
50.0, 39.0625, 2142
50.0, 39.0625, 2143
50.0, 39.0625, 2144
50.0, 39.0625, 2145
50.0, 39.0625, 2146
50.0, 39.0625, 2147
50.0, 39.0625, 2148
50.0, 39.0625, 2149
50.0, 39.0625, 2150
50.0, 39.0625, 2151
50.0, 39.0625, 2152
50.0, 39.0625, 2153
50.0, 39.0625, 2154
50.0, 39.0625, 2155
50.0, 39.0625, 2156
50.0, 39.0625, 2157
50.0, 39.0625, 2158
50.0, 39.0625, 2159
50.0, 39.0625, 2160
50.0, 39.0625, 2161
50.0, 39.0625, 2162
50.0, 39.0625, 2163
50.0, 39.0625, 2164
50.0, 39.0625, 2165
50.0, 39.0625, 2166
50.0, 39.0625, 2167
50.0, 39.0625, 2168
50.0, 39.0625, 2169
50.0, 39.0625, 2170
50.0, 39.0625, 2171
50.0, 39.0625, 2172
50.0, 39.0625, 2173
50.0, 39.0625, 2174
50.0, 39.0625, 2175
50.0, 39.0625, 2176
50.0, 39.0625, 2177
50.0, 39.0625, 2178
50.0, 39.0625, 2179
50.0, 39.0625, 2180
50.0, 39.0625, 2181
50.0, 39.0625, 2182
50.0, 39.0625, 2183
50.0, 39.0625, 2184
50.0, 39.0625, 2185
50.0, 39.0625, 2186
50.0, 39.0625, 2187
50.0, 39.0625, 2188
50.0, 39.0625, 2189
50.0, 39.0625, 2190
50.0, 39.0625, 2191
50.0, 39.0625, 2192
50.05102, 39.125, 2193
50.03228, 39.125, 2194
50.02042, 39.125, 2195
50.01292, 39.125, 2196
50.00817, 39.125, 2197
50.00517, 39.125, 2198
50.00327, 39.125, 2199
50.00207, 39.125, 2200
50.00131, 39.125, 2201
50.00083, 39.125, 2202
50.00052, 39.125, 2203
50.00033, 39.125, 2204
50.00021, 39.125, 2205
50.00013, 39.125, 2206
50.00008, 39.125, 2207
50.00005, 39.125, 2208
50.00003, 39.125, 2209
50.00002, 39.125, 2210
50.00002, 39.125, 2211
50.00001, 39.125, 2212
50.10205, 39.25, 2213
50.06456, 39.25, 2214
50.04084, 39.25, 2215
50.02584, 39.25, 2216
50.01635, 39.25, 2217
50.01034, 39.25, 2218
50.00654, 39.25, 2219
50.00414, 39.25, 2220
50.00262, 39.25, 2221
50.00166, 39.25, 2222
50.00105, 39.25, 2223
50.00066, 39.25, 2224
50.00042, 39.25, 2225
50.00027, 39.25, 2226
50.00017, 39.25, 2227
50.00011, 39.25, 2228
50.00007, 39.25, 2229
50.00004, 39.25, 2230
50.00003, 39.25, 2231
50.05104, 39.3125, 2232
50.03229, 39.3125, 2233
50.02043, 39.3125, 2234
50.01292, 39.3125, 2235
50.00817, 39.3125, 2236
50.00517, 39.3125, 2237
50.00327, 39.3125, 2238
50.00207, 39.3125, 2239
50.00131, 39.3125, 2240
50.00083, 39.3125, 2241
50.00052, 39.3125, 2242
50.00033, 39.3125, 2243
50.00021, 39.3125, 2244
50.00013, 39.3125, 2245
50.00008, 39.3125, 2246
50.00005, 39.3125, 2247
50.00003, 39.3125, 2248
50.00002, 39.3125, 2249
50.00002, 39.3125, 2250
50.10205, 39.4375, 2251
50.06456, 39.4375, 2252
50.04084, 39.4375, 2253
50.02584, 39.4375, 2254
50.01635, 39.4375, 2255
50.01034, 39.4375, 2256
50.00654, 39.4375, 2257
50.00414, 39.4375, 2258
50.00262, 39.4375, 2259
50.00166, 39.4375, 2260
50.00105, 39.4375, 2261
50.00066, 39.4375, 2262
50.00042, 39.4375, 2263
50.00027, 39.4375, 2264
50.00017, 39.4375, 2265
50.00011, 39.4375, 2266
50.00007, 39.4375, 2267
50.00004, 39.4375, 2268
50.00003, 39.4375, 2269
50.00002, 39.4375, 2270
50.10205, 39.5625, 2271
50.06456, 39.5625, 2272
50.04085, 39.5625, 2273
50.02584, 39.5625, 2274
50.01635, 39.5625, 2275
50.01034, 39.5625, 2276
50.00654, 39.5625, 2277
50.00414, 39.5625, 2278
50.00262, 39.5625, 2279
50.00166, 39.5625, 2280
50.00105, 39.5625, 2281
50.00066, 39.5625, 2282
50.00042, 39.5625, 2283
50.00027, 39.5625, 2284
50.00017, 39.5625, 2285
50.00011, 39.5625, 2286
50.00007, 39.5625, 2287
50.00004, 39.5625, 2288
50.00003, 39.5625, 2289
50.00002, 39.5625, 2290
50.10205, 39.6875, 2291
50.06456, 39.6875, 2292
50.04085, 39.6875, 2293
50.02584, 39.6875, 2294
50.01635, 39.6875, 2295
50.01034, 39.6875, 2296
50.00654, 39.6875, 2297
50.00414, 39.6875, 2298
50.00262, 39.6875, 2299
50.00166, 39.6875, 2300
50.00105, 39.6875, 2301
50.00066, 39.6875, 2302
50.00042, 39.6875, 2303
50.00027, 39.6875, 2304
50.00017, 39.6875, 2305
50.00011, 39.6875, 2306
50.00007, 39.6875, 2307
50.00004, 39.6875, 2308
50.00003, 39.6875, 2309
50.15308, 39.875, 2310
50.09684, 39.875, 2311
50.06127, 39.875, 2312
50.03876, 39.875, 2313
50.02452, 39.875, 2314
50.01551, 39.875, 2315
50.00982, 39.875, 2316
50.00621, 39.875, 2317
50.00393, 39.875, 2318
50.00249, 39.875, 2319
50.00157, 39.875, 2320
50.001, 39.875, 2321
50.00063, 39.875, 2322
50.0004, 39.875, 2323
50.00025, 39.875, 2324
50.00016, 39.875, 2325
50.0001, 39.875, 2326
50.00006, 39.875, 2327
50.00004, 39.875, 2328
50.03332, 40.0, 2329
49.99582, 40.0, 2330
49.9721, 40.0, 2331
49.9571, 40.0, 2332
49.9476, 40.0, 2333
49.9416, 40.0, 2334
49.9378, 40.0, 2335
49.93539, 40.0, 2336
49.93387, 40.0, 2337
49.93291, 40.0, 2338
49.9323, 40.0, 2339
49.93192, 40.0, 2340
49.93167, 40.0, 2341
49.93152, 40.0, 2342
49.93142, 40.0, 2343
49.93136, 40.0, 2344
49.93132, 40.0, 2345
49.93129, 40.0, 2346
49.93128, 40.0, 2347
49.81246, 40.1875, 2348
49.58747, 40.1875, 2349
49.38314, 40.1875, 2350
49.19189, 40.1875, 2351
49.0089, 40.1875, 2352
48.83114, 40.1875, 2353
48.65669, 40.1875, 2354
48.48433, 40.1875, 2355
48.3133, 40.1875, 2356
48.14311, 40.1875, 2357
47.97344, 40.1875, 2358
47.80412, 40.1875, 2359
47.635, 40.1875, 2360
47.46601, 40.1875, 2361
47.29712, 40.1875, 2362
47.12828, 40.1875, 2363
46.95947, 40.1875, 2364
46.79068, 40.1875, 2365
46.62191, 40.1875, 2366
46.33433, 40.375, 2367
45.94059, 40.375, 2368
45.56751, 40.375, 2369
45.2075, 40.375, 2370
44.85576, 40.375, 2371
44.50925, 40.375, 2372
44.16605, 40.375, 2373
43.82494, 40.375, 2374
43.48516, 40.375, 2375
43.14621, 40.375, 2376
42.8078, 40.375, 2377
42.46972, 40.375, 2378
42.13185, 40.375, 2379
41.79412, 40.375, 2380
41.45647, 40.375, 2381
41.11888, 40.375, 2382
40.78131, 40.375, 2383
40.44378, 40.375, 2384
40.10625, 40.375, 2385
39.76874, 40.375, 2386
39.31241, 40.5625, 2387
38.74993, 40.5625, 2388
38.20811, 40.5625, 2389
37.67935, 40.5625, 2390
37.15887, 40.5625, 2391
36.64361, 40.5625, 2392
36.13166, 40.5625, 2393
35.62181, 40.5625, 2394
35.11328, 40.5625, 2395
34.60559, 40.5625, 2396
34.09842, 40.5625, 2397
33.5916, 40.5625, 2398
33.08498, 40.5625, 2399
32.5785, 40.5625, 2400
32.07211, 40.5625, 2401
31.56577, 40.5625, 2402
31.05946, 40.5625, 2403
30.55317, 40.5625, 2404
30.0469, 40.5625, 2405
29.42182, 40.75, 2406
28.69058, 40.75, 2407
27.98001, 40.75, 2408
27.2825, 40.75, 2409
26.59326, 40.75, 2410
25.90925, 40.75, 2411
25.22855, 40.75, 2412
24.54995, 40.75, 2413
23.87267, 40.75, 2414
23.19622, 40.75, 2415
22.52031, 40.75, 2416
21.84474, 40.75, 2417
21.16937, 40.75, 2418
20.49414, 40.75, 2419
19.81899, 40.75, 2420
19.1439, 40.75, 2421
18.46885, 40.75, 2422
17.79381, 40.75, 2423
17.11879, 40.75, 2424
16.32496, 40.9375, 2425
15.42497, 40.9375, 2426
14.54564, 40.9375, 2427
13.67939, 40.9375, 2428
12.8214, 40.9375, 2429
11.96864, 40.9375, 2430
11.11919, 40.9375, 2431
10.27183, 40.9375, 2432
9.4258, 40.9375, 2433
8.580606, 40.9375, 2434
7.735944, 40.9375, 2435
6.891616, 40.9375, 2436
6.047501, 40.9375, 2437
5.203519, 40.9375, 2438
4.359623, 40.9375, 2439
3.51578, 40.9375, 2440
2.671972, 40.9375, 2441
1.828185, 40.9375, 2442
0.9844115, 40.9375, 2443
0.1406467, 40.9375, 2444
-0.8219264, 41.125, 2445
-1.028155, 41.125, 2446
-1.063731, 41.125, 2447
-1.086238, 41.125, 2448
-1.100477, 41.125, 2449
-1.109486, 41.125, 2450
-1.115185, 41.125, 2451
-1.11879, 41.125, 2452
-1.121071, 41.125, 2453
-1.122515, 41.125, 2454
-1.123428, 41.125, 2455
-1.124005, 41.125, 2456
-1.124371, 41.125, 2457
-1.124602, 41.125, 2458
-1.124748, 41.125, 2459
-1.124841, 41.125, 2460
-1.124899, 41.125, 2461
-1.124936, 41.125, 2462
-1.12496, 41.125, 2463
-1.124974, 41.125, 2464
-1.159423, 41.3125, 2465
-1.215655, 41.3125, 2466
-1.251231, 41.3125, 2467
-1.273738, 41.3125, 2468
-1.287977, 41.3125, 2469
-1.296986, 41.3125, 2470
-1.302685, 41.3125, 2471
-1.30629, 41.3125, 2472
-1.308571, 41.3125, 2473
-1.310015, 41.3125, 2474
-1.310928, 41.3125, 2475
-1.311505, 41.3125, 2476
-1.311871, 41.3125, 2477
-1.312102, 41.3125, 2478
-1.312248, 41.3125, 2479
-1.312341, 41.3125, 2480
-1.312399, 41.3125, 2481
-1.312436, 41.3125, 2482
-1.31246, 41.3125, 2483
-1.358393, 41.5625, 2484
-1.433371, 41.5625, 2485
-1.480806, 41.5625, 2486
-1.510816, 41.5625, 2487
-1.529802, 41.5625, 2488
-1.541813, 41.5625, 2489
-1.549413, 41.5625, 2490
-1.55422, 41.5625, 2491
-1.557262, 41.5625, 2492
-1.559186, 41.5625, 2493
-1.560403, 41.5625, 2494
-1.561174, 41.5625, 2495
-1.561661, 41.5625, 2496
-1.561969, 41.5625, 2497
-1.562164, 41.5625, 2498
-1.562287, 41.5625, 2499
-1.562366, 41.5625, 2500
-1.562415, 41.5625, 2501
-1.562446, 41.5625, 2502
-1.596905, 41.75, 2503
-1.653144, 41.75, 2504
-1.688724, 41.75, 2505
-1.711233, 41.75, 2506
-1.725474, 41.75, 2507
-1.734484, 41.75, 2508
-1.740184, 41.75, 2509
-1.74379, 41.75, 2510
-1.746071, 41.75, 2511
-1.747514, 41.75, 2512
-1.748427, 41.75, 2513
-1.749005, 41.75, 2514
-1.749371, 41.75, 2515
-1.749602, 41.75, 2516
-1.749748, 41.75, 2517
-1.749841, 41.75, 2518
-1.749899, 41.75, 2519
-1.749936, 41.75, 2520
-1.74996, 41.75, 2521
-1.772934, 41.875, 2522
-1.810427, 41.875, 2523
-1.834148, 41.875, 2524
-1.849155, 41.875, 2525
-1.858649, 41.875, 2526
-1.864655, 41.875, 2527
-1.868456, 41.875, 2528
-1.87086, 41.875, 2529
-1.872381, 41.875, 2530
-1.873343, 41.875, 2531
-1.873952, 41.875, 2532
-1.874337, 41.875, 2533
-1.87458, 41.875, 2534
-1.874734, 41.875, 2535
-1.874832, 41.875, 2536
-1.874894, 41.875, 2537
-1.874933, 41.875, 2538
-1.874957, 41.875, 2539
-1.874973, 41.875, 2540
-1.874983, 41.875, 2541
-1.909428, 42.0625, 2542
-1.965659, 42.0625, 2543
-2.001233, 42.0625, 2544
-2.023739, 42.0625, 2545
-2.037978, 42.0625, 2546
-2.046986, 42.0625, 2547
-2.052685, 42.0625, 2548
-2.056291, 42.0625, 2549
-2.058572, 42.0625, 2550
-2.060015, 42.0625, 2551
-2.060928, 42.0625, 2552
-2.061505, 42.0625, 2553
-2.061871, 42.0625, 2554
-2.062102, 42.0625, 2555
-2.062248, 42.0625, 2556
-2.062341, 42.0625, 2557
-2.062399, 42.0625, 2558
-2.062436, 42.0625, 2559
-2.06246, 42.0625, 2560
-2.073954, 42.125, 2561
-2.092706, 42.125, 2562
-2.104569, 42.125, 2563
-2.112074, 42.125, 2564
-2.116822, 42.125, 2565
-2.119827, 42.125, 2566
-2.121727, 42.125, 2567
-2.122929, 42.125, 2568
-2.12369, 42.125, 2569
-2.124171, 42.125, 2570
-2.124476, 42.125, 2571
-2.124668, 42.125, 2572
-2.12479, 42.125, 2573
-2.124867, 42.125, 2574
-2.124916, 42.125, 2575
-2.124947, 42.125, 2576
-2.124966, 42.125, 2577
-2.124979, 42.125, 2578
-2.124987, 42.125, 2579
-2.124991, 42.125, 2580
-2.147954, 42.25, 2581
-2.18544, 42.25, 2582
-2.209156, 42.25, 2583
-2.22416, 42.25, 2584
-2.233652, 42.25, 2585
-2.239657, 42.25, 2586
-2.243457, 42.25, 2587
-2.24586, 42.25, 2588
-2.247381, 42.25, 2589
-2.248343, 42.25, 2590
-2.248952, 42.25, 2591
-2.249337, 42.25, 2592
-2.24958, 42.25, 2593
-2.249735, 42.25, 2594
-2.249832, 42.25, 2595
-2.249894, 42.25, 2596
-2.249933, 42.25, 2597
-2.249958, 42.25, 2598
-2.249973, 42.25, 2599
-2.272942, 42.375, 2600
-2.310433, 42.375, 2601
-2.334151, 42.375, 2602
-2.349157, 42.375, 2603
-2.35865, 42.375, 2604
-2.364656, 42.375, 2605
-2.368456, 42.375, 2606
-2.37086, 42.375, 2607
-2.372381, 42.375, 2608
-2.373343, 42.375, 2609
-2.373952, 42.375, 2610
-2.374337, 42.375, 2611
-2.37458, 42.375, 2612
-2.374735, 42.375, 2613
-2.374832, 42.375, 2614
-2.374894, 42.375, 2615
-2.374933, 42.375, 2616
-2.374958, 42.375, 2617
-2.374973, 42.375, 2618
-2.374983, 42.375, 2619
-2.374989, 42.375, 2620
-2.374993, 42.375, 2621
-2.374996, 42.375, 2622
-2.374997, 42.375, 2623
-2.374998, 42.375, 2624
-2.374999, 42.375, 2625
-2.374999, 42.375, 2626
-2.375, 42.375, 2627
-2.375, 42.375, 2628
-2.375, 42.375, 2629
-2.375, 42.375, 2630
-2.375, 42.375, 2631
-2.375, 42.375, 2632
-2.375, 42.375, 2633
-2.375, 42.375, 2634
-2.375, 42.375, 2635
-2.375, 42.375, 2636
-2.375, 42.375, 2637
-2.375, 42.375, 2638
-2.375, 42.375, 2639
-2.38648, 42.4375, 2640
-2.405222, 42.4375, 2641
-2.417079, 42.4375, 2642
-2.424581, 42.4375, 2643
-2.429327, 42.4375, 2644
-2.432329, 42.4375, 2645
-2.434229, 42.4375, 2646
-2.43543, 42.4375, 2647
-2.436191, 42.4375, 2648
-2.436671, 42.4375, 2649
-2.436976, 42.4375, 2650
-2.437168, 42.4375, 2651
-2.43729, 42.4375, 2652
-2.437367, 42.4375, 2653
-2.437416, 42.4375, 2654
-2.437447, 42.4375, 2655
-2.437466, 42.4375, 2656
-2.437479, 42.4375, 2657
-2.437487, 42.4375, 2658
-2.448971, 42.5, 2659
-2.467716, 42.5, 2660
-2.479576, 42.5, 2661
-2.487078, 42.5, 2662
-2.491825, 42.5, 2663
-2.494828, 42.5, 2664
-2.496728, 42.5, 2665
-2.49793, 42.5, 2666
-2.49869, 42.5, 2667
-2.499171, 42.5, 2668
-2.499476, 42.5, 2669
-2.499668, 42.5, 2670
-2.49979, 42.5, 2671
-2.499867, 42.5, 2672
-2.499916, 42.5, 2673
-2.499947, 42.5, 2674
-2.499966, 42.5, 2675
-2.499979, 42.5, 2676
-2.499987, 42.5, 2677
-2.499991, 42.5, 2678
-2.499995, 42.5, 2679
-2.499997, 42.5, 2680
-2.499998, 42.5, 2681
-2.499999, 42.5, 2682
-2.499999, 42.5, 2683
-2.5, 42.5, 2684
-2.5, 42.5, 2685
-2.5, 42.5, 2686
-2.5, 42.5, 2687
-2.5, 42.5, 2688
-2.5, 42.5, 2689
-2.5, 42.5, 2690
-2.5, 42.5, 2691
-2.5, 42.5, 2692
-2.5, 42.5, 2693
-2.5, 42.5, 2694
-2.5, 42.5, 2695
-2.5, 42.5, 2696
-2.5, 42.5, 2697
-2.5, 42.5, 2698
-2.5, 42.5, 2699
-2.5, 42.5, 2700
-2.5, 42.5, 2701
-2.5, 42.5, 2702
-2.5, 42.5, 2703
-2.5, 42.5, 2704
-2.5, 42.5, 2705
-2.5, 42.5, 2706
-2.5, 42.5, 2707
-2.5, 42.5, 2708
-2.5, 42.5, 2709
-2.5, 42.5, 2710
-2.5, 42.5, 2711
-2.5, 42.5, 2712
-2.5, 42.5, 2713
-2.5, 42.5, 2714
-2.5, 42.5, 2715
-2.5, 42.5, 2716
-2.5, 42.5, 2717
-2.5, 42.5, 2718
-2.5, 42.5, 2719
-2.5, 42.5, 2720
-2.5, 42.5, 2721
-2.5, 42.5, 2722
-2.5, 42.5, 2723
-2.5, 42.5, 2724
-2.5, 42.5, 2725
-2.5, 42.5, 2726
-2.5, 42.5, 2727
-2.5, 42.5, 2728
-2.5, 42.5, 2729
-2.5, 42.5, 2730
-2.5, 42.5, 2731
-2.5, 42.5, 2732
-2.5, 42.5, 2733
-2.5, 42.5, 2734
-2.5, 42.5, 2735
-2.5, 42.5, 2736
-2.5, 42.5, 2737
-2.5, 42.5, 2738
-2.5, 42.5, 2739
-2.5, 42.5, 2740
-2.5, 42.5, 2741
-2.5, 42.5, 2742
-2.5, 42.5, 2743
-2.5, 42.5, 2744
-2.5, 42.5, 2745
-2.5, 42.5, 2746
-2.5, 42.5, 2747
-2.5, 42.5, 2748
-2.5, 42.5, 2749
-2.5, 42.5, 2750
-2.5, 42.5, 2751
-2.5, 42.5, 2752
-2.5, 42.5, 2753
-2.5, 42.5, 2754
-2.5, 42.5, 2755
-2.5, 42.5, 2756
-2.5, 42.5, 2757
-2.5, 42.5, 2758
-2.5, 42.5, 2759
-2.5, 42.5, 2760
-2.5, 42.5, 2761
-2.5, 42.5, 2762
-2.5, 42.5, 2763
-2.5, 42.5, 2764
-2.5, 42.5, 2765
-2.5, 42.5, 2766
-2.5, 42.5, 2767
-2.5, 42.5, 2768
-2.5, 42.5, 2769
-2.5, 42.5, 2770
-2.5, 42.5, 2771
-2.5, 42.5, 2772
-2.5, 42.5, 2773
-2.5, 42.5, 2774
-2.5, 42.5, 2775
-2.5, 42.5, 2776
-2.5, 42.5, 2777
-2.48852, 42.4375, 2778
-2.469778, 42.4375, 2779
-2.457921, 42.4375, 2780
-2.450419, 42.4375, 2781
-2.445673, 42.4375, 2782
-2.442671, 42.4375, 2783
-2.440771, 42.4375, 2784
-2.43957, 42.4375, 2785
-2.438809, 42.4375, 2786
-2.438329, 42.4375, 2787
-2.438024, 42.4375, 2788
-2.437832, 42.4375, 2789
-2.43771, 42.4375, 2790
-2.437633, 42.4375, 2791
-2.437584, 42.4375, 2792
-2.437553, 42.4375, 2793
-2.437534, 42.4375, 2794
-2.437521, 42.4375, 2795
-2.437513, 42.4375, 2796
-2.437509, 42.4375, 2797
-2.437505, 42.4375, 2798
-2.437503, 42.4375, 2799
-2.437502, 42.4375, 2800
-2.437501, 42.4375, 2801
-2.437501, 42.4375, 2802
-2.4375, 42.4375, 2803
-2.4375, 42.4375, 2804
-2.4375, 42.4375, 2805
-2.4375, 42.4375, 2806
-2.4375, 42.4375, 2807
-2.4375, 42.4375, 2808
-2.4375, 42.4375, 2809
-2.4375, 42.4375, 2810
-2.4375, 42.4375, 2811
-2.4375, 42.4375, 2812
-2.4375, 42.4375, 2813
-2.4375, 42.4375, 2814
-2.4375, 42.4375, 2815
-2.4375, 42.4375, 2816
-2.42602, 42.375, 2817
-2.407278, 42.375, 2818
-2.395421, 42.375, 2819
-2.387919, 42.375, 2820
-2.383173, 42.375, 2821
-2.380171, 42.375, 2822
-2.378271, 42.375, 2823
-2.37707, 42.375, 2824
-2.376309, 42.375, 2825
-2.375829, 42.375, 2826
-2.375524, 42.375, 2827
-2.375332, 42.375, 2828
-2.37521, 42.375, 2829
-2.375133, 42.375, 2830
-2.375084, 42.375, 2831
-2.375053, 42.375, 2832
-2.375034, 42.375, 2833
-2.375021, 42.375, 2834
-2.375013, 42.375, 2835
-2.375009, 42.375, 2836
-2.363526, 42.3125, 2837
-2.344782, 42.3125, 2838
-2.332923, 42.3125, 2839
-2.325421, 42.3125, 2840
-2.320674, 42.3125, 2841
-2.317672, 42.3125, 2842
-2.315772, 42.3125, 2843
-2.31457, 42.3125, 2844
-2.31381, 42.3125, 2845
-2.313329, 42.3125, 2846
-2.313024, 42.3125, 2847
-2.312832, 42.3125, 2848
-2.31271, 42.3125, 2849
-2.312633, 42.3125, 2850
-2.312584, 42.3125, 2851
-2.312553, 42.3125, 2852
-2.312534, 42.3125, 2853
-2.312521, 42.3125, 2854
-2.312513, 42.3125, 2855
-2.301029, 42.25, 2856
-2.282284, 42.25, 2857
-2.270424, 42.25, 2858
-2.262922, 42.25, 2859
-2.258175, 42.25, 2860
-2.255172, 42.25, 2861
-2.253272, 42.25, 2862
-2.25207, 42.25, 2863
-2.25131, 42.25, 2864
-2.250829, 42.25, 2865
-2.250524, 42.25, 2866
-2.250332, 42.25, 2867
-2.25021, 42.25, 2868
-2.250133, 42.25, 2869
-2.250084, 42.25, 2870
-2.250053, 42.25, 2871
-2.250034, 42.25, 2872
-2.250021, 42.25, 2873
-2.250013, 42.25, 2874
-2.250009, 42.25, 2875
-2.238526, 42.1875, 2876
-2.219782, 42.1875, 2877
-2.207923, 42.1875, 2878
-2.200421, 42.1875, 2879
-2.195674, 42.1875, 2880
-2.192672, 42.1875, 2881
-2.190772, 42.1875, 2882
-2.18957, 42.1875, 2883
-2.18881, 42.1875, 2884
-2.188329, 42.1875, 2885
-2.188024, 42.1875, 2886
-2.187832, 42.1875, 2887
-2.18771, 42.1875, 2888
-2.187633, 42.1875, 2889
-2.187584, 42.1875, 2890
-2.187553, 42.1875, 2891
-2.187534, 42.1875, 2892
-2.187521, 42.1875, 2893
-2.187513, 42.1875, 2894
-2.176029, 42.125, 2895
-2.157284, 42.125, 2896
-2.145424, 42.125, 2897
-2.137922, 42.125, 2898
-2.133175, 42.125, 2899
-2.130172, 42.125, 2900
-2.128272, 42.125, 2901
-2.12707, 42.125, 2902
-2.12631, 42.125, 2903
-2.125829, 42.125, 2904
-2.125524, 42.125, 2905
-2.125332, 42.125, 2906
-2.12521, 42.125, 2907
-2.125133, 42.125, 2908
-2.125084, 42.125, 2909
-2.125053, 42.125, 2910
-2.125034, 42.125, 2911
-2.125021, 42.125, 2912
-2.125013, 42.125, 2913
-2.125009, 42.125, 2914
-2.113526, 42.0625, 2915
-2.094782, 42.0625, 2916
-2.082923, 42.0625, 2917
-2.075421, 42.0625, 2918
-2.070674, 42.0625, 2919
-2.067672, 42.0625, 2920
-2.065772, 42.0625, 2921
-2.06457, 42.0625, 2922
-2.06381, 42.0625, 2923
-2.063329, 42.0625, 2924
-2.063024, 42.0625, 2925
-2.062832, 42.0625, 2926
-2.06271, 42.0625, 2927
-2.062633, 42.0625, 2928
-2.062584, 42.0625, 2929
-2.062553, 42.0625, 2930
-2.062534, 42.0625, 2931
-2.062521, 42.0625, 2932
-2.062513, 42.0625, 2933
-2.062509, 42.0625, 2934
-2.051026, 42.0, 2935
-2.032282, 42.0, 2936
-2.020423, 42.0, 2937
-2.012921, 42.0, 2938
-2.008174, 42.0, 2939
-2.005172, 42.0, 2940
-2.003272, 42.0, 2941
-2.00207, 42.0, 2942
-2.00131, 42.0, 2943
-2.000829, 42.0, 2944
-2.000524, 42.0, 2945
-2.000332, 42.0, 2946
-2.00021, 42.0, 2947
-2.000133, 42.0, 2948
-2.000084, 42.0, 2949
-2.000053, 42.0, 2950
-2.000034, 42.0, 2951
-2.000021, 42.0, 2952
-2.000013, 42.0, 2953
-1.988529, 41.9375, 2954
-1.969784, 41.9375, 2955
-1.957924, 41.9375, 2956
-1.950421, 41.9375, 2957
-1.945675, 41.9375, 2958
-1.942672, 41.9375, 2959
-1.940772, 41.9375, 2960
-1.93957, 41.9375, 2961
-1.93881, 41.9375, 2962
-1.938329, 41.9375, 2963
-1.938024, 41.9375, 2964
-1.937832, 41.9375, 2965
-1.93771, 41.9375, 2966
-1.937633, 41.9375, 2967
-1.937584, 41.9375, 2968
-1.937553, 41.9375, 2969
-1.937534, 41.9375, 2970
-1.937521, 41.9375, 2971
-1.937513, 41.9375, 2972
-1.937508, 41.9375, 2973
-1.926026, 41.875, 2974
-1.907282, 41.875, 2975
-1.895423, 41.875, 2976
-1.887921, 41.875, 2977
-1.883174, 41.875, 2978
-1.880172, 41.875, 2979
-1.878272, 41.875, 2980
-1.87707, 41.875, 2981
-1.876309, 41.875, 2982
-1.875829, 41.875, 2983
-1.875524, 41.875, 2984
-1.875332, 41.875, 2985
-1.87521, 41.875, 2986
-1.875133, 41.875, 2987
-1.875084, 41.875, 2988
-1.875053, 41.875, 2989
-1.875034, 41.875, 2990
-1.875021, 41.875, 2991
-1.875013, 41.875, 2992
-1.875008, 41.875, 2993
-1.852046, 41.75, 2994
-1.81456, 41.75, 2995
-1.790844, 41.75, 2996
-1.77584, 41.75, 2997
-1.766348, 41.75, 2998
-1.760343, 41.75, 2999
-1.756543, 41.75, 3000
-1.75414, 41.75, 3001
-1.752619, 41.75, 3002
-1.751657, 41.75, 3003
-1.751048, 41.75, 3004
-1.750663, 41.75, 3005
-1.75042, 41.75, 3006
-1.750266, 41.75, 3007
-1.750168, 41.75, 3008
-1.750106, 41.75, 3009
-1.750067, 41.75, 3010
-1.750043, 41.75, 3011
-1.750027, 41.75, 3012
-1.727058, 41.625, 3013
-1.689567, 41.625, 3014
-1.665849, 41.625, 3015
-1.650843, 41.625, 3016
-1.64135, 41.625, 3017
-1.635344, 41.625, 3018
-1.631544, 41.625, 3019
-1.62914, 41.625, 3020
-1.627619, 41.625, 3021
-1.626657, 41.625, 3022
-1.626048, 41.625, 3023
-1.625663, 41.625, 3024
-1.62542, 41.625, 3025
-1.625266, 41.625, 3026
-1.625168, 41.625, 3027
-1.625106, 41.625, 3028
-1.625067, 41.625, 3029
-1.625043, 41.625, 3030
-1.625027, 41.625, 3031
-1.625017, 41.625, 3032
-1.613531, 41.5625, 3033
-1.594785, 41.5625, 3034
-1.582925, 41.5625, 3035
-1.575422, 41.5625, 3036
-1.570675, 41.5625, 3037
-1.567672, 41.5625, 3038
-1.565772, 41.5625, 3039
-1.56457, 41.5625, 3040
-1.56381, 41.5625, 3041
-1.563329, 41.5625, 3042
-1.563024, 41.5625, 3043
-1.562832, 41.5625, 3044
-1.56271, 41.5625, 3045
-1.562633, 41.5625, 3046
-1.562584, 41.5625, 3047
-1.562553, 41.5625, 3048
-1.562534, 41.5625, 3049
-1.562521, 41.5625, 3050
-1.562513, 41.5625, 3051
-1.551029, 41.5, 3052
-1.532284, 41.5, 3053
-1.520424, 41.5, 3054
-1.512921, 41.5, 3055
-1.508175, 41.5, 3056
-1.505172, 41.5, 3057
-1.503272, 41.5, 3058
-1.50207, 41.5, 3059
-1.50131, 41.5, 3060
-1.500829, 41.5, 3061
-1.500524, 41.5, 3062
-1.500332, 41.5, 3063
-1.50021, 41.5, 3064
-1.500133, 41.5, 3065
-1.500084, 41.5, 3066
-1.500053, 41.5, 3067
-1.500034, 41.5, 3068
-1.500021, 41.5, 3069
-1.500013, 41.5, 3070
-1.500008, 41.5, 3071
-1.488526, 41.4375, 3072
-1.469782, 41.4375, 3073
-1.457923, 41.4375, 3074
-1.450421, 41.4375, 3075
-1.445674, 41.4375, 3076
-1.442672, 41.4375, 3077
-1.440772, 41.4375, 3078
-1.43957, 41.4375, 3079
-1.438809, 41.4375, 3080
-1.438329, 41.4375, 3081
-1.438024, 41.4375, 3082
-1.437832, 41.4375, 3083
-1.43771, 41.4375, 3084
-1.437633, 41.4375, 3085
-1.437584, 41.4375, 3086
-1.437553, 41.4375, 3087
-1.437534, 41.4375, 3088
-1.437521, 41.4375, 3089
-1.437513, 41.4375, 3090
-1.437508, 41.4375, 3091
-1.414546, 41.3125, 3092
-1.37706, 41.3125, 3093
-1.353344, 41.3125, 3094
-1.33834, 41.3125, 3095
-1.328848, 41.3125, 3096
-1.322842, 41.3125, 3097
-1.319043, 41.3125, 3098
-1.31664, 41.3125, 3099
-1.315119, 41.3125, 3100
-1.314157, 41.3125, 3101
-1.313548, 41.3125, 3102
-1.313163, 41.3125, 3103
-1.312919, 41.3125, 3104
-1.312765, 41.3125, 3105
-1.312668, 41.3125, 3106
-1.312606, 41.3125, 3107
-1.312567, 41.3125, 3108
-1.312543, 41.3125, 3109
-1.312527, 41.3125, 3110
-1.301037, 41.25, 3111
-1.282289, 41.25, 3112
-1.270428, 41.25, 3113
-1.262924, 41.25, 3114
-1.258176, 41.25, 3115
-1.255173, 41.25, 3116
-1.253273, 41.25, 3117
-1.25207, 41.25, 3118
-1.25131, 41.25, 3119
-1.250829, 41.25, 3120
-1.250524, 41.25, 3121
-1.250332, 41.25, 3122
-1.25021, 41.25, 3123
-1.250133, 41.25, 3124
-1.250084, 41.25, 3125
-1.250053, 41.25, 3126
-1.250034, 41.25, 3127
-1.250021, 41.25, 3128
-1.250013, 41.25, 3129
-1.250008, 41.25, 3130
-1.227046, 41.125, 3131
-1.18956, 41.125, 3132
-1.165844, 41.125, 3133
-1.15084, 41.125, 3134
-1.141348, 41.125, 3135
-1.135342, 41.125, 3136
-1.131543, 41.125, 3137
-1.12914, 41.125, 3138
-1.127619, 41.125, 3139
-1.126657, 41.125, 3140
-1.126048, 41.125, 3141
-1.125663, 41.125, 3142
-1.125419, 41.125, 3143
-1.125265, 41.125, 3144
-1.125168, 41.125, 3145
-1.125106, 41.125, 3146
-1.125067, 41.125, 3147
-1.125043, 41.125, 3148
-1.125027, 41.125, 3149
-1.125017, 41.125, 3150
-1.102052, 41.0, 3151
-1.064563, 41.0, 3152
-1.040846, 41.0, 3153
-1.025841, 41.0, 3154
-1.016349, 41.0, 3155
-1.010343, 41.0, 3156
-1.006544, 41.0, 3157
-1.00414, 41.0, 3158
-1.002619, 41.0, 3159
-1.001657, 41.0, 3160
-1.001048, 41.0, 3161
-1.000663, 41.0, 3162
-1.00042, 41.0, 3163
-1.000265, 41.0, 3164
-1.000168, 41.0, 3165
-1.000106, 41.0, 3166
-1.000067, 41.0, 3167
-1.000043, 41.0, 3168
-1.000027, 41.0, 3169
-0.9885374, 40.9375, 3170
-0.9697889, 40.9375, 3171
-0.9579277, 40.9375, 3172
-0.9504236, 40.9375, 3173
-0.9456762, 40.9375, 3174
-0.9426726, 40.9375, 3175
-0.9407725, 40.9375, 3176
-0.9395703, 40.9375, 3177
-0.9388098, 40.9375, 3178
-0.9383286, 40.9375, 3179
-0.9380243, 40.9375, 3180
-0.9378317, 40.9375, 3181
-0.9377098, 40.9375, 3182
-0.9376328, 40.9375, 3183
-0.937584, 40.9375, 3184
-0.9375531, 40.9375, 3185
-0.9375336, 40.9375, 3186
-0.9375213, 40.9375, 3187
-0.9375134, 40.9375, 3188
-0.9375085, 40.9375, 3189
-0.9260258, 40.875, 3190
-0.9072817, 40.875, 3191
-0.895423, 40.875, 3192
-0.8879208, 40.875, 3193
-0.8831743, 40.875, 3194
-0.8801716, 40.875, 3195
-0.8782718, 40.875, 3196
-0.8770699, 40.875, 3197
-0.8763095, 40.875, 3198
-0.8758286, 40.875, 3199
-0.8755241, 40.875, 3200
-0.8753316, 40.875, 3201
-0.8752098, 40.875, 3202
-0.8751328, 40.875, 3203
-0.875084, 40.875, 3204
-0.8750531, 40.875, 3205
-0.8750336, 40.875, 3206
-0.8750213, 40.875, 3207
-0.8750134, 40.875, 3208
-0.8520494, 40.75, 3209
-0.8145618, 40.75, 3210
-0.7908452, 40.75, 3211
-0.7758409, 40.75, 3212
-0.7663483, 40.75, 3213
-0.7603428, 40.75, 3214
-0.7565434, 40.75, 3215
-0.7541397, 40.75, 3216
-0.752619, 40.75, 3217
-0.7516569, 40.75, 3218
-0.7510483, 40.75, 3219
-0.7506632, 40.75, 3220
-0.7504196, 40.75, 3221
-0.7502654, 40.75, 3222
-0.7501679, 40.75, 3223
-0.7501062, 40.75, 3224
-0.7500672, 40.75, 3225
-0.7500425, 40.75, 3226
-0.7500269, 40.75, 3227
-0.7385374, 40.6875, 3228
-0.719789, 40.6875, 3229
-0.7079277, 40.6875, 3230
-0.7004237, 40.6875, 3231
-0.6956762, 40.6875, 3232
-0.6926727, 40.6875, 3233
-0.6907725, 40.6875, 3234
-0.6895704, 40.6875, 3235
-0.6888098, 40.6875, 3236
-0.6883287, 40.6875, 3237
-0.6880243, 40.6875, 3238
-0.6878317, 40.6875, 3239
-0.6877098, 40.6875, 3240
-0.6876328, 40.6875, 3241
-0.687584, 40.6875, 3242
-0.6875531, 40.6875, 3243
-0.6875336, 40.6875, 3244
-0.6875213, 40.6875, 3245
-0.6875134, 40.6875, 3246
-0.6645494, 40.5625, 3247
-0.6270618, 40.5625, 3248
-0.6033452, 40.5625, 3249
-0.5883409, 40.5625, 3250
-0.5788483, 40.5625, 3251
-0.5728428, 40.5625, 3252
-0.5690434, 40.5625, 3253
-0.5666397, 40.5625, 3254
-0.565119, 40.5625, 3255
-0.5641569, 40.5625, 3256
-0.5635483, 40.5625, 3257
-0.5631632, 40.5625, 3258
-0.5629196, 40.5625, 3259
-0.5627654, 40.5625, 3260
-0.5626679, 40.5625, 3261
-0.5626062, 40.5625, 3262
-0.5625672, 40.5625, 3263
-0.5625425, 40.5625, 3264
-0.5625269, 40.5625, 3265
-0.5625171, 40.5625, 3266
-0.5510312, 40.5, 3267
-0.532285, 40.5, 3268
-0.5204252, 40.5, 3269
-0.512922, 40.5, 3270
-0.5081752, 40.5, 3271
-0.5051721, 40.5, 3272
-0.5032721, 40.5, 3273
-0.5020701, 40.5, 3274
-0.5013097, 40.5, 3275
-0.5008286, 40.5, 3276
-0.5005242, 40.5, 3277
-0.5003316, 40.5, 3278
-0.5002098, 40.5, 3279
-0.5001328, 40.5, 3280
-0.500084, 40.5, 3281
-0.5000531, 40.5, 3282
-0.5000336, 40.5, 3283
-0.5000213, 40.5, 3284
-0.5000134, 40.5, 3285
-0.4770493, 40.375, 3286
-0.4395618, 40.375, 3287
-0.4158452, 40.375, 3288
-0.4008409, 40.375, 3289
-0.3913483, 40.375, 3290
-0.3853428, 40.375, 3291
-0.3815434, 40.375, 3292
-0.3791397, 40.375, 3293
-0.377619, 40.375, 3294
-0.3766569, 40.375, 3295
-0.3760483, 40.375, 3296
-0.3756632, 40.375, 3297
-0.3754196, 40.375, 3298
-0.3752655, 40.375, 3299
-0.3751679, 40.375, 3300
-0.3751062, 40.375, 3301
-0.3750672, 40.375, 3302
-0.3750425, 40.375, 3303
-0.3750269, 40.375, 3304
-0.375017, 40.375, 3305
-0.3635312, 40.3125, 3306
-0.344785, 40.3125, 3307
-0.3329252, 40.3125, 3308
-0.3254221, 40.3125, 3309
-0.3206752, 40.3125, 3310
-0.3176721, 40.3125, 3311
-0.3157721, 40.3125, 3312
-0.3145701, 40.3125, 3313
-0.3138097, 40.3125, 3314
-0.3133286, 40.3125, 3315
-0.3130242, 40.3125, 3316
-0.3128316, 40.3125, 3317
-0.3127098, 40.3125, 3318
-0.3126328, 40.3125, 3319
-0.312584, 40.3125, 3320
-0.3125531, 40.3125, 3321
-0.3125336, 40.3125, 3322
-0.3125213, 40.3125, 3323
-0.3125134, 40.3125, 3324
-0.2895493, 40.1875, 3325
-0.2520618, 40.1875, 3326
-0.2283452, 40.1875, 3327
-0.2133409, 40.1875, 3328
-0.2038483, 40.1875, 3329
-0.1978428, 40.1875, 3330
-0.1940434, 40.1875, 3331
-0.1916397, 40.1875, 3332
-0.190119, 40.1875, 3333
-0.1891569, 40.1875, 3334
-0.1885483, 40.1875, 3335
-0.1881632, 40.1875, 3336
-0.1879196, 40.1875, 3337
-0.1877654, 40.1875, 3338
-0.1876679, 40.1875, 3339
-0.1876062, 40.1875, 3340
-0.1875672, 40.1875, 3341
-0.1875425, 40.1875, 3342
-0.1875269, 40.1875, 3343
-0.187517, 40.1875, 3344
-0.1760312, 40.125, 3345
-0.157285, 40.125, 3346
-0.1454252, 40.125, 3347
-0.1379221, 40.125, 3348
-0.1331752, 40.125, 3349
-0.1301721, 40.125, 3350
-0.1282721, 40.125, 3351
-0.1270701, 40.125, 3352
-0.1263097, 40.125, 3353
-0.1258286, 40.125, 3354
-0.1255242, 40.125, 3355
-0.1253316, 40.125, 3356
-0.1252098, 40.125, 3357
-0.1251327, 40.125, 3358
-0.125084, 40.125, 3359
-0.1250531, 40.125, 3360
-0.1250336, 40.125, 3361
-0.1250213, 40.125, 3362
-0.1250135, 40.125, 3363
-0.1135289, 40.0625, 3364
-0.0947836, 40.0625, 3365
-0.08292431, 40.0625, 3366
-0.0754215, 40.0625, 3367
-0.07067483, 40.0625, 3368
-0.06767183, 40.0625, 3369
-0.06577197, 40.0625, 3370
-0.06457002, 40.0625, 3371
-0.0638096, 40.0625, 3372
-0.06332853, 40.0625, 3373
-0.06302417, 40.0625, 3374
-0.06283162, 40.0625, 3375
-0.0627098, 40.0625, 3376
-0.06263273, 40.0625, 3377
-0.06258398, 40.0625, 3378
-0.06255312, 40.0625, 3379
-0.06253361, 40.0625, 3380
-0.06252127, 40.0625, 3381
-0.06251346, 40.0625, 3382
-0.03954933, 39.9375, 3383
0.05418818, 39.9375, 3384
0.1341548, 39.9375, 3385
0.2054091, 39.9375, 3386
0.2711517, 39.9375, 3387
0.3334072, 39.9375, 3388
0.3934566, 39.9375, 3389
0.4521103, 39.9375, 3390
0.5098811, 39.9375, 3391
0.5670931, 39.9375, 3392
0.6239517, 39.9375, 3393
0.6805868, 39.9375, 3394
0.7370804, 39.9375, 3395
0.7934845, 39.9375, 3396
0.849832, 39.9375, 3397
0.9061437, 39.9375, 3398
0.9624327, 39.9375, 3399
1.018707, 39.9375, 3400
1.074973, 39.9375, 3401
1.170837, 39.875, 3402
1.302086, 39.875, 3403
1.426447, 39.875, 3404
1.546451, 39.875, 3405
1.663698, 39.875, 3406
1.779202, 39.875, 3407
1.893602, 39.875, 3408
2.007304, 39.875, 3409
2.120564, 39.875, 3410
2.233546, 39.875, 3411
2.34635, 39.875, 3412
2.459043, 39.875, 3413
2.571665, 39.875, 3414
2.684242, 39.875, 3415
2.79679, 39.875, 3416
2.909321, 39.875, 3417
3.021841, 39.875, 3418
3.134353, 39.875, 3419
3.246861, 39.875, 3420
3.359365, 39.875, 3421
3.551078, 39.75, 3422
3.813564, 39.75, 3423
4.06228, 39.75, 3424
4.302284, 39.75, 3425
4.536776, 39.75, 3426
4.767781, 39.75, 3427
4.996581, 39.75, 3428
5.223984, 39.75, 3429
5.450505, 39.75, 3430
5.676466, 39.75, 3431
5.902075, 39.75, 3432
6.12746, 39.75, 3433
6.352704, 39.75, 3434
6.577857, 39.75, 3435
6.802955, 39.75, 3436
7.028017, 39.75, 3437
7.253056, 39.75, 3438
7.47808, 39.75, 3439
7.703096, 39.75, 3440
7.96771, 39.6875, 3441
8.267709, 39.6875, 3442
8.56082, 39.6875, 3443
8.849574, 39.6875, 3444
9.135571, 39.6875, 3445
9.419825, 39.6875, 3446
9.702975, 39.6875, 3447
9.985427, 39.6875, 3448
10.26744, 39.6875, 3449
10.54917, 39.6875, 3450
10.83072, 39.6875, 3451
11.11217, 39.6875, 3452
11.39354, 39.6875, 3453
11.67486, 39.6875, 3454
11.95616, 39.6875, 3455
12.23744, 39.6875, 3456
12.51871, 39.6875, 3457
12.79998, 39.6875, 3458
13.08123, 39.6875, 3459
13.36249, 39.6875, 3460
13.68335, 39.625, 3461
14.03959, 39.625, 3462
14.38895, 39.625, 3463
14.73395, 39.625, 3464
15.0762, 39.625, 3465
15.4167, 39.625, 3466
15.7561, 39.625, 3467
16.0948, 39.625, 3468
16.43306, 39.625, 3469
16.77104, 39.625, 3470
17.10884, 39.625, 3471
17.44654, 39.625, 3472
17.78416, 39.625, 3473
18.12173, 39.625, 3474
18.45928, 39.625, 3475
18.79681, 39.625, 3476
19.13433, 39.625, 3477
19.47185, 39.625, 3478
19.80935, 39.625, 3479
20.22607, 39.5, 3480
20.71355, 39.5, 3481
21.18727, 39.5, 3482
21.65228, 39.5, 3483
22.11177, 39.5, 3484
22.56778, 39.5, 3485
23.02158, 39.5, 3486
23.47398, 39.5, 3487
23.9255, 39.5, 3488
24.37646, 39.5, 3489
24.82707, 39.5, 3490
25.27746, 39.5, 3491
25.72771, 39.5, 3492
26.17786, 39.5, 3493
26.62796, 39.5, 3494
27.07802, 39.5, 3495
27.52806, 39.5, 3496
27.97809, 39.5, 3497
28.4281, 39.5, 3498
28.87811, 39.5, 3499
29.36772, 39.4375, 3500
29.89272, 39.4375, 3501
30.41083, 39.4375, 3502
30.92458, 39.4375, 3503
31.43558, 39.4375, 3504
31.94483, 39.4375, 3505
32.45298, 39.4375, 3506
32.96043, 39.4375, 3507
33.46745, 39.4375, 3508
33.97417, 39.4375, 3509
34.48073, 39.4375, 3510
34.98717, 39.4375, 3511
35.49354, 39.4375, 3512
35.99986, 39.4375, 3513
36.50616, 39.4375, 3514
37.01244, 39.4375, 3515
37.51871, 39.4375, 3516
38.02497, 39.4375, 3517
38.53122, 39.4375, 3518
39.03748, 39.4375, 3519
